onset	duration	sample	type	value
0	0	1	New Segment	1
7.7112	0.0004	19279	Stimulus	S  1
9.9796	0.0004	24950	Stimulus	S 70
11.0796	0.0004	27700	Stimulus	S130
11.1648	0.0004	27913	Stimulus	S 99
12.8	0.0004	32001	Stimulus	S 70
13.9	0.0004	34751	Stimulus	S130
13.9848	0.0004	34963	Stimulus	S 99
16.4316	0.0004	41080	Stimulus	S 70
17.5316	0.0004	43830	Stimulus	S130
17.6168	0.0004	44043	Stimulus	S 99
19.3112	0.0004	48279	Stimulus	S 70
20.4112	0.0004	51029	Stimulus	S130
20.496	0.0004	51241	Stimulus	S 99
22.4536	0.0004	56135	Stimulus	S 70
23.5536	0.0004	58885	Stimulus	S130
23.6388	0.0004	59098	Stimulus	S 99
25.4468	0.0004	63618	Stimulus	S 70
26.5472	0.0004	66369	Stimulus	S130
26.632	0.0004	66581	Stimulus	S 99
29.4072	0.0004	73519	Stimulus	S 70
30.5072	0.0004	76269	Stimulus	S130
30.592	0.0004	76481	Stimulus	S 99
32.5732	0.0004	81434	Stimulus	S 70
33.6732	0.0004	84184	Stimulus	S130
33.7584	0.0004	84397	Stimulus	S 99
35.6232	0.0004	89059	Stimulus	S 70
36.7236	0.0004	91810	Stimulus	S130
36.8084	0.0004	92022	Stimulus	S 99
39.5104	0.0004	98777	Stimulus	S 70
40.6104	0.0004	101527	Stimulus	S130
40.6956	0.0004	101740	Stimulus	S 99
43.4068	0.0004	108518	Stimulus	S 70
44.5068	0.0004	111268	Stimulus	S130
44.5916	0.0004	111480	Stimulus	S 99
47.2996	0.0004	118250	Stimulus	S 70
48.3996	0.0004	121000	Stimulus	S130
48.4848	0.0004	121213	Stimulus	S 99
51.358	0.0004	128396	Stimulus	S 70
52.458	0.0004	131146	Stimulus	S130
52.5432	0.0004	131359	Stimulus	S130
55.16	0.0004	137901	Stimulus	S 70
56.2604	0.0004	140652	Stimulus	S130
56.3452	0.0004	140864	Stimulus	S130
57.8536	0.0004	144635	Stimulus	S 70
58.9536	0.0004	147385	Stimulus	S130
59.0388	0.0004	147598	Stimulus	S 99
61.4328	0.0004	153583	Stimulus	S 70
62.5328	0.0004	156333	Stimulus	S130
62.6176	0.0004	156545	Stimulus	S 99
64.3632	0.0004	160909	Stimulus	S 70
65.4636	0.0004	163660	Stimulus	S130
65.5484	0.0004	163872	Stimulus	S 99
67.5896	0.0004	168975	Stimulus	S 70
68.6896	0.0004	171725	Stimulus	S130
68.7748	0.0004	171938	Stimulus	S 99
70.522	0.0004	176306	Stimulus	S 70
71.622	0.0004	179056	Stimulus	S130
71.7068	0.0004	179268	Stimulus	S 99
74.406	0.0004	186016	Stimulus	S 70
75.506	0.0004	188766	Stimulus	S130
75.5912	0.0004	188979	Stimulus	S 99
77.9756	0.0004	194940	Stimulus	S 70
79.0756	0.0004	197690	Stimulus	S130
79.1608	0.0004	197903	Stimulus	S 99
81.4344	0.0004	203587	Stimulus	S 70
82.5344	0.0004	206337	Stimulus	S130
82.6192	0.0004	206549	Stimulus	S 99
84.156	0.0004	210391	Stimulus	S 70
85.256	0.0004	213141	Stimulus	S130
85.3412	0.0004	213354	Stimulus	S 99
87.2284	0.0004	218072	Stimulus	S 70
88.3284	0.0004	220822	Stimulus	S130
88.4136	0.0004	221035	Stimulus	S 99
90.4256	0.0004	226065	Stimulus	S 70
91.5256	0.0004	228815	Stimulus	S130
91.6104	0.0004	229027	Stimulus	S 99
94.2296	0.0004	235575	Stimulus	S 70
95.3296	0.0004	238325	Stimulus	S130
95.4144	0.0004	238537	Stimulus	S 99
97.8704	0.0004	244677	Stimulus	S 70
98.9704	0.0004	247427	Stimulus	S130
99.0552	0.0004	247639	Stimulus	S130
100.6048	0.0004	251513	Stimulus	S 70
101.7052	0.0004	254264	Stimulus	S130
101.79	0.0004	254476	Stimulus	S 99
103.7444	0.0004	259362	Stimulus	S 70
104.8444	0.0004	262112	Stimulus	S130
104.9292	0.0004	262324	Stimulus	S 99
107.488	0.0004	268721	Stimulus	S 70
108.5884	0.0004	271472	Stimulus	S130
108.6732	0.0004	271684	Stimulus	S 99
110.5372	0.0004	276344	Stimulus	S 70
111.6372	0.0004	279094	Stimulus	S130
111.7224	0.0004	279307	Stimulus	S 99
113.5788	0.0004	283948	Stimulus	S 70
114.6788	0.0004	286698	Stimulus	S130
114.7636	0.0004	286910	Stimulus	S130
116.3024	0.0004	290757	Stimulus	S 70
117.4024	0.0004	293507	Stimulus	S130
117.4876	0.0004	293720	Stimulus	S130
120.2168	0.0004	300543	Stimulus	S 70
121.3168	0.0004	303293	Stimulus	S130
121.4016	0.0004	303505	Stimulus	S130
123.784	0.0004	309461	Stimulus	S 70
124.8844	0.0004	312212	Stimulus	S130
124.9692	0.0004	312424	Stimulus	S 99
127.368	0.0004	318421	Stimulus	S 70
128.468	0.0004	321171	Stimulus	S130
128.5528	0.0004	321383	Stimulus	S 99
131.2672	0.0004	328169	Stimulus	S 70
132.3672	0.0004	330919	Stimulus	S130
132.452	0.0004	331131	Stimulus	S 99
134.9444	0.0004	337362	Stimulus	S 70
136.0444	0.0004	340112	Stimulus	S130
136.1296	0.0004	340325	Stimulus	S 99
138.9836	0.0004	347460	Stimulus	S 70
140.0836	0.0004	350210	Stimulus	S130
140.1688	0.0004	350423	Stimulus	S 99
142.5624	0.0004	356407	Stimulus	S 70
143.6624	0.0004	359157	Stimulus	S130
143.7476	0.0004	359370	Stimulus	S 99
146.5164	0.0004	366292	Stimulus	S 70
147.6168	0.0004	369043	Stimulus	S130
147.7016	0.0004	369255	Stimulus	S 99
149.4328	0.0004	373583	Stimulus	S 70
150.5328	0.0004	376333	Stimulus	S130
150.6176	0.0004	376545	Stimulus	S 99
153.3248	0.0004	383313	Stimulus	S 70
154.4248	0.0004	386063	Stimulus	S130
154.51	0.0004	386276	Stimulus	S 99
156.4068	0.0004	391018	Stimulus	S 70
157.5068	0.0004	393768	Stimulus	S130
157.592	0.0004	393981	Stimulus	S 99
159.0252	0.0004	397564	Stimulus	S 70
160.1252	0.0004	400314	Stimulus	S130
160.2104	0.0004	400527	Stimulus	S 99
162.5832	0.0004	406459	Stimulus	S 70
163.6832	0.0004	409209	Stimulus	S130
163.7684	0.0004	409422	Stimulus	S 99
166.3664	0.0004	415917	Stimulus	S 70
167.4664	0.0004	418667	Stimulus	S130
167.5512	0.0004	418879	Stimulus	S 99
169.5916	0.0004	423980	Stimulus	S 70
170.6916	0.0004	426730	Stimulus	S130
170.7768	0.0004	426943	Stimulus	S 99
172.3364	0.0004	430842	Stimulus	S 70
173.4364	0.0004	433592	Stimulus	S130
173.5216	0.0004	433805	Stimulus	S 99
175.1052	0.0004	437764	Stimulus	S 70
176.2052	0.0004	440514	Stimulus	S130
176.29	0.0004	440726	Stimulus	S 99
178.782	0.0004	446956	Stimulus	S 70
179.882	0.0004	449706	Stimulus	S130
179.9672	0.0004	449919	Stimulus	S 99
182.1796	0.0004	455450	Stimulus	S 70
183.2796	0.0004	458200	Stimulus	S130
183.3648	0.0004	458413	Stimulus	S 99
186.1112	0.0004	465279	Stimulus	S 70
187.2112	0.0004	468029	Stimulus	S130
187.296	0.0004	468241	Stimulus	S 99
189.0464	0.0004	472617	Stimulus	S 70
190.1464	0.0004	475367	Stimulus	S130
190.2316	0.0004	475580	Stimulus	S 99
191.8376	0.0004	479595	Stimulus	S 70
192.9376	0.0004	482345	Stimulus	S130
193.0224	0.0004	482557	Stimulus	S 99
194.6064	0.0004	486517	Stimulus	S 70
195.7064	0.0004	489267	Stimulus	S130
195.7916	0.0004	489480	Stimulus	S 99
198.3412	0.0004	495854	Stimulus	S 70
199.4412	0.0004	498604	Stimulus	S130
199.5264	0.0004	498817	Stimulus	S130
202.4204	0.0004	506052	Stimulus	S 70
203.5204	0.0004	508802	Stimulus	S130
203.6056	0.0004	509015	Stimulus	S 99
205.9988	0.0004	514998	Stimulus	S 70
207.0992	0.0004	517749	Stimulus	S130
207.184	0.0004	517961	Stimulus	S 99
208.84	0.0004	522101	Stimulus	S 70
209.94	0.0004	524851	Stimulus	S130
210.0252	0.0004	525064	Stimulus	S 99
212.7088	0.0004	531773	Stimulus	S 70
213.8088	0.0004	534523	Stimulus	S130
213.894	0.0004	534736	Stimulus	S 99
215.9468	0.0004	539868	Stimulus	S 70
217.0468	0.0004	542618	Stimulus	S130
217.132	0.0004	542831	Stimulus	S 99
219.132	0.0004	547831	Stimulus	S 70
220.232	0.0004	550581	Stimulus	S130
220.3168	0.0004	550793	Stimulus	S 99
222.8624	0.0004	557157	Stimulus	S 70
223.9624	0.0004	559907	Stimulus	S130
224.0476	0.0004	560120	Stimulus	S 99
226.016	0.0004	565041	Stimulus	S 70
227.116	0.0004	567791	Stimulus	S130
227.2008	0.0004	568003	Stimulus	S 99
230.0852	0.0004	575214	Stimulus	S 70
231.1852	0.0004	577964	Stimulus	S130
231.27	0.0004	578176	Stimulus	S 99
232.826	0.0004	582066	Stimulus	S 70
233.926	0.0004	584816	Stimulus	S130
234.0112	0.0004	585029	Stimulus	S130
236.0784	0.0004	590197	Stimulus	S 70
237.1784	0.0004	592947	Stimulus	S130
237.2632	0.0004	593159	Stimulus	S 99
239.0988	0.0004	597748	Stimulus	S 70
240.1988	0.0004	600498	Stimulus	S130
240.284	0.0004	600711	Stimulus	S 99
242.706	0.0004	606766	Stimulus	S 70
243.8064	0.0004	609517	Stimulus	S130
243.8912	0.0004	609729	Stimulus	S 99
245.8744	0.0004	614687	Stimulus	S 70
246.9744	0.0004	617437	Stimulus	S130
247.0596	0.0004	617650	Stimulus	S 99
249.3804	0.0004	623452	Stimulus	S 70
250.4804	0.0004	626202	Stimulus	S130
250.5652	0.0004	626414	Stimulus	S 99
252.8948	0.0004	632238	Stimulus	S 70
253.9948	0.0004	634988	Stimulus	S130
254.0796	0.0004	635200	Stimulus	S 99
256.8188	0.0004	642048	Stimulus	S 70
257.9188	0.0004	644798	Stimulus	S130
258.0036	0.0004	645010	Stimulus	S 99
259.5296	0.0004	648825	Stimulus	S 70
260.6296	0.0004	651575	Stimulus	S130
260.7148	0.0004	651788	Stimulus	S 99
263.6228	0.0004	659058	Stimulus	S 70
264.7228	0.0004	661808	Stimulus	S130
264.808	0.0004	662021	Stimulus	S 99
266.2728	0.0004	665683	Stimulus	S 70
267.3728	0.0004	668433	Stimulus	S130
267.4576	0.0004	668645	Stimulus	S 99
268.9612	0.0004	672404	Stimulus	S 70
270.0612	0.0004	675154	Stimulus	S130
270.1464	0.0004	675367	Stimulus	S 99
272.1692	0.0004	680424	Stimulus	S 70
273.2692	0.0004	683174	Stimulus	S130
273.354	0.0004	683386	Stimulus	S 99
275.6372	0.0004	689094	Stimulus	S 70
276.7372	0.0004	691844	Stimulus	S130
276.8224	0.0004	692057	Stimulus	S 99
279.5744	0.0004	698937	Stimulus	S 70
280.6744	0.0004	701687	Stimulus	S130
280.7596	0.0004	701900	Stimulus	S 99
282.2664	0.0004	705667	Stimulus	S 70
283.3664	0.0004	708417	Stimulus	S130
283.4516	0.0004	708630	Stimulus	S 99
284.962	0.0004	712406	Stimulus	S 70
286.062	0.0004	715156	Stimulus	S130
286.1472	0.0004	715369	Stimulus	S 99
288.1496	0.0004	720375	Stimulus	S 70
289.2496	0.0004	723125	Stimulus	S130
289.3344	0.0004	723337	Stimulus	S 99
292.1456	0.0004	730365	Stimulus	S 70
293.246	0.0004	733116	Stimulus	S130
293.3308	0.0004	733328	Stimulus	S 99
295.3876	0.0004	738470	Stimulus	S 70
296.4876	0.0004	741220	Stimulus	S130
296.5728	0.0004	741433	Stimulus	S 99
298.1048	0.0004	745263	Stimulus	S 70
299.2052	0.0004	748014	Stimulus	S130
299.29	0.0004	748226	Stimulus	S 99
301.9296	0.0004	754825	Stimulus	S 70
303.0296	0.0004	757575	Stimulus	S130
303.1144	0.0004	757787	Stimulus	S 99
304.7352	0.0004	761839	Stimulus	S 70
305.8356	0.0004	764590	Stimulus	S130
305.9204	0.0004	764802	Stimulus	S 99
307.9008	0.0004	769753	Stimulus	S 70
309.0008	0.0004	772503	Stimulus	S130
309.0856	0.0004	772715	Stimulus	S 99
310.6976	0.0004	776745	Stimulus	S 70
311.798	0.0004	779496	Stimulus	S130
311.8828	0.0004	779708	Stimulus	S 99
314.5148	0.0004	786288	Stimulus	S 70
315.6148	0.0004	789038	Stimulus	S130
315.6996	0.0004	789250	Stimulus	S 99
318.6036	0.0004	796510	Stimulus	S 70
319.704	0.0004	799261	Stimulus	S130
319.7888	0.0004	799473	Stimulus	S 99
321.3032	0.0004	803259	Stimulus	S 70
322.4032	0.0004	806009	Stimulus	S130
322.488	0.0004	806221	Stimulus	S 99
324.5412	0.0004	811354	Stimulus	S 70
325.6412	0.0004	814104	Stimulus	S130
325.7264	0.0004	814317	Stimulus	S 99
328.1012	0.0004	820254	Stimulus	S 70
329.2004	0.0004	823002	Stimulus	S130
329.2856	0.0004	823215	Stimulus	S 99
330.9408	0.0004	827353	Stimulus	S 70
332.0408	0.0004	830103	Stimulus	S130
332.126	0.0004	830316	Stimulus	S 99
333.932	0.0004	834831	Stimulus	S 70
335.032	0.0004	837581	Stimulus	S130
335.1168	0.0004	837793	Stimulus	S 99
337.4236	0.0004	843560	Stimulus	S 70
338.5236	0.0004	846310	Stimulus	S130
338.6088	0.0004	846523	Stimulus	S 99
341.2708	0.0004	853178	Stimulus	S 70
342.3708	0.0004	855928	Stimulus	S130
342.456	0.0004	856141	Stimulus	S 99
475.6736	0.0004	1189185	Stimulus	S  1
478.266	0.0004	1195666	Stimulus	S 70
479.8332	0.0004	1199584	Stimulus	S130
479.918	0.0004	1199796	Stimulus	S 99
482.4096	0.0004	1206025	Stimulus	S 70
482.8488	0.0004	1207123	Stimulus	S130
482.9336	0.0004	1207335	Stimulus	S 99
485.382	0.0004	1213456	Stimulus	S 70
487.1892	0.0004	1217974	Stimulus	S130
487.274	0.0004	1218186	Stimulus	S 99
488.7108	0.0004	1221778	Stimulus	S 70
489.6356	0.0004	1224090	Stimulus	S130
489.7208	0.0004	1224303	Stimulus	S 99
491.352	0.0004	1228381	Stimulus	S 70
491.792	0.0004	1229481	Stimulus	S130
491.8772	0.0004	1229694	Stimulus	S 99
493.392	0.0004	1233481	Stimulus	S 70
494.336	0.0004	1235841	Stimulus	S130
494.4212	0.0004	1236054	Stimulus	S 99
496.6712	0.0004	1241679	Stimulus	S 70
498.0004	0.0004	1245002	Stimulus	S130
498.0852	0.0004	1245214	Stimulus	S 99
500.7372	0.0004	1251844	Stimulus	S 70
501.2352	0.0004	1253089	Stimulus	S130
501.32	0.0004	1253301	Stimulus	S 99
503.5556	0.0004	1258890	Stimulus	S 70
503.7816	0.0004	1259455	Stimulus	S130
503.8668	0.0004	1259668	Stimulus	S 99
506.3784	0.0004	1265947	Stimulus	S 70
508.1264	0.0004	1270317	Stimulus	S130
508.2116	0.0004	1270530	Stimulus	S 99
510.3892	0.0004	1275974	Stimulus	S 70
512.4264	0.0004	1281067	Stimulus	S130
512.5112	0.0004	1281279	Stimulus	S 99
514.4452	0.0004	1286114	Stimulus	S 70
516.5024	0.0004	1291257	Stimulus	S130
516.5872	0.0004	1291469	Stimulus	S 99
518.4624	0.0004	1296157	Stimulus	S 70
518.9676	0.0004	1297420	Stimulus	S130
519.0524	0.0004	1297632	Stimulus	S130
520.7304	0.0004	1301827	Stimulus	S 70
522.5512	0.0004	1306379	Stimulus	S130
522.6364	0.0004	1306592	Stimulus	S 99
524.2792	0.0004	1310699	Stimulus	S 70
525.6732	0.0004	1314184	Stimulus	S130
525.7584	0.0004	1314397	Stimulus	S 99
528.0956	0.0004	1320240	Stimulus	S 70
529.1104	0.0004	1322777	Stimulus	S130
529.1956	0.0004	1322990	Stimulus	S 99
531.5196	0.0004	1328800	Stimulus	S 70
533.1196	0.0004	1332800	Stimulus	S130
533.2048	0.0004	1333013	Stimulus	S 99
535.0716	0.0004	1337680	Stimulus	S 70
535.7396	0.0004	1339350	Stimulus	S130
535.8244	0.0004	1339562	Stimulus	S 99
537.774	0.0004	1344436	Stimulus	S 70
539.616	0.0004	1349041	Stimulus	S130
539.7012	0.0004	1349254	Stimulus	S 99
542.1476	0.0004	1355370	Stimulus	S 70
543.1788	0.0004	1357948	Stimulus	S130
543.2636	0.0004	1358160	Stimulus	S 99
545.0016	0.0004	1362505	Stimulus	S 70
546.0668	0.0004	1365168	Stimulus	S130
546.1516	0.0004	1365380	Stimulus	S 99
547.6732	0.0004	1369184	Stimulus	S 70
549.1504	0.0004	1372877	Stimulus	S130
549.2352	0.0004	1373089	Stimulus	S 99
551.9316	0.0004	1379830	Stimulus	S 70
552.9176	0.0004	1382295	Stimulus	S130
553.0024	0.0004	1382507	Stimulus	S 99
554.8692	0.0004	1387174	Stimulus	S 70
556.4284	0.0004	1391072	Stimulus	S130
556.5132	0.0004	1391284	Stimulus	S 99
558.7612	0.0004	1396904	Stimulus	S 70
560.6632	0.0004	1401659	Stimulus	S130
560.748	0.0004	1401871	Stimulus	S130
563.5388	0.0004	1408848	Stimulus	S 70
564.6348	0.0004	1411588	Stimulus	S130
564.7196	0.0004	1411800	Stimulus	S 99
566.8528	0.0004	1417133	Stimulus	S 70
568.4236	0.0004	1421060	Stimulus	S130
568.5088	0.0004	1421273	Stimulus	S130
571.2968	0.0004	1428243	Stimulus	S 70
572.1536	0.0004	1430385	Stimulus	S130
572.2388	0.0004	1430598	Stimulus	S 99
573.9752	0.0004	1434939	Stimulus	S 70
575.7084	0.0004	1439272	Stimulus	S130
575.7932	0.0004	1439484	Stimulus	S 99
577.9848	0.0004	1444963	Stimulus	S 70
578.22	0.0004	1445551	Stimulus	S130
578.3048	0.0004	1445763	Stimulus	S 99
580.408	0.0004	1451021	Stimulus	S 70
581.572	0.0004	1453931	Stimulus	S130
581.6572	0.0004	1454144	Stimulus	S 99
583.0732	0.0004	1457684	Stimulus	S 70
584.1912	0.0004	1460479	Stimulus	S130
584.2764	0.0004	1460692	Stimulus	S 99
586.2664	0.0004	1465667	Stimulus	S 70
588.1448	0.0004	1470363	Stimulus	S130
588.2296	0.0004	1470575	Stimulus	S 99
590.6356	0.0004	1476590	Stimulus	S 70
591.1576	0.0004	1477895	Stimulus	S130
591.2424	0.0004	1478107	Stimulus	S130
593.236	0.0004	1483091	Stimulus	S 70
594.27	0.0004	1485676	Stimulus	S130
594.3552	0.0004	1485889	Stimulus	S 99
596.8724	0.0004	1492182	Stimulus	S 70
597.3704	0.0004	1493427	Stimulus	S130
597.4552	0.0004	1493639	Stimulus	S 99
599.604	0.0004	1499011	Stimulus	S 70
601.4332	0.0004	1503584	Stimulus	S130
601.5184	0.0004	1503797	Stimulus	S 99
603.188	0.0004	1507971	Stimulus	S 70
604.8892	0.0004	1512224	Stimulus	S130
604.9744	0.0004	1512437	Stimulus	S 99
606.4052	0.0004	1516014	Stimulus	S 70
607.5612	0.0004	1518904	Stimulus	S130
607.6464	0.0004	1519117	Stimulus	S 99
609.9536	0.0004	1524885	Stimulus	S 70
612.0268	0.0004	1530068	Stimulus	S130
612.112	0.0004	1530281	Stimulus	S 99
614.7316	0.0004	1536830	Stimulus	S 70
616.578	0.0004	1541446	Stimulus	S130
616.6628	0.0004	1541658	Stimulus	S 99
619.1584	0.0004	1547897	Stimulus	S 70
619.8604	0.0004	1549652	Stimulus	S130
619.9456	0.0004	1549865	Stimulus	S 99
622.2376	0.0004	1555595	Stimulus	S 70
623.7508	0.0004	1559378	Stimulus	S130
623.8356	0.0004	1559590	Stimulus	S 99
626.0164	0.0004	1565042	Stimulus	S 70
627.0764	0.0004	1567692	Stimulus	S130
627.1612	0.0004	1567904	Stimulus	S 99
629.9784	0.0004	1574947	Stimulus	S 70
630.3572	0.0004	1575894	Stimulus	S130
630.4424	0.0004	1576107	Stimulus	S 99
631.9912	0.0004	1579979	Stimulus	S 70
633.3244	0.0004	1583312	Stimulus	S130
633.4092	0.0004	1583524	Stimulus	S 99
635.7468	0.0004	1589368	Stimulus	S 70
637.402	0.0004	1593506	Stimulus	S130
637.4872	0.0004	1593719	Stimulus	S 99
639.6256	0.0004	1599065	Stimulus	S 70
640.5376	0.0004	1601345	Stimulus	S130
640.6224	0.0004	1601557	Stimulus	S 99
642.3924	0.0004	1605982	Stimulus	S 70
644.1916	0.0004	1610480	Stimulus	S130
644.2764	0.0004	1610692	Stimulus	S130
646.0516	0.0004	1615130	Stimulus	S 70
646.7444	0.0004	1616862	Stimulus	S130
646.8296	0.0004	1617075	Stimulus	S 99
648.2828	0.0004	1620708	Stimulus	S 70
648.882	0.0004	1622206	Stimulus	S130
648.9668	0.0004	1622418	Stimulus	S 99
650.4736	0.0004	1626185	Stimulus	S 70
652.5428	0.0004	1631358	Stimulus	S130
652.628	0.0004	1631571	Stimulus	S 99
654.2148	0.0004	1635538	Stimulus	S 70
654.5428	0.0004	1636358	Stimulus	S130
654.6276	0.0004	1636570	Stimulus	S 99
656.1936	0.0004	1640485	Stimulus	S 70
657.8388	0.0004	1644598	Stimulus	S130
657.9236	0.0004	1644810	Stimulus	S 99
660.0388	0.0004	1650098	Stimulus	S 70
661.7288	0.0004	1654323	Stimulus	S130
661.8136	0.0004	1654535	Stimulus	S 99
663.5032	0.0004	1658759	Stimulus	S 70
664.8532	0.0004	1662134	Stimulus	S130
664.9384	0.0004	1662347	Stimulus	S 99
666.7336	0.0004	1666835	Stimulus	S 70
667.8336	0.0004	1669585	Stimulus	S130
667.9184	0.0004	1669797	Stimulus	S 99
670.4356	0.0004	1676090	Stimulus	S 70
671.2896	0.0004	1678225	Stimulus	S130
671.3748	0.0004	1678438	Stimulus	S 99
674.188	0.0004	1685471	Stimulus	S 70
675.9492	0.0004	1689874	Stimulus	S130
676.034	0.0004	1690086	Stimulus	S 99
678.8728	0.0004	1697183	Stimulus	S 70
680.7452	0.0004	1701864	Stimulus	S130
680.83	0.0004	1702076	Stimulus	S 99
682.3492	0.0004	1705874	Stimulus	S 70
682.7844	0.0004	1706962	Stimulus	S130
682.8692	0.0004	1707174	Stimulus	S 99
685.4604	0.0004	1713652	Stimulus	S 70
686.4112	0.0004	1716029	Stimulus	S130
686.4964	0.0004	1716242	Stimulus	S 99
689.2436	0.0004	1723110	Stimulus	S 70
689.5952	0.0004	1723989	Stimulus	S130
689.6804	0.0004	1724202	Stimulus	S 99
691.3076	0.0004	1728270	Stimulus	S 70
691.9504	0.0004	1729877	Stimulus	S130
692.0356	0.0004	1730090	Stimulus	S 99
694.2268	0.0004	1735568	Stimulus	S 70
695.138	0.0004	1737846	Stimulus	S130
695.2228	0.0004	1738058	Stimulus	S 99
696.9964	0.0004	1742492	Stimulus	S 70
697.5224	0.0004	1743807	Stimulus	S130
697.6072	0.0004	1744019	Stimulus	S 99
700.132	0.0004	1750331	Stimulus	S 70
700.7588	0.0004	1751898	Stimulus	S130
700.844	0.0004	1752111	Stimulus	S 99
702.4932	0.0004	1756234	Stimulus	S 70
702.8	0.0004	1757001	Stimulus	S130
702.8852	0.0004	1757214	Stimulus	S130
705.4504	0.0004	1763627	Stimulus	S 70
705.7684	0.0004	1764422	Stimulus	S130
705.8532	0.0004	1764634	Stimulus	S130
707.5916	0.0004	1768980	Stimulus	S 70
707.7844	0.0004	1769462	Stimulus	S130
707.8692	0.0004	1769674	Stimulus	S 99
709.95	0.0004	1774876	Stimulus	S 70
711.0708	0.0004	1777678	Stimulus	S130
711.156	0.0004	1777891	Stimulus	S 99
712.716	0.0004	1781791	Stimulus	S 70
713.2788	0.0004	1783198	Stimulus	S130
713.364	0.0004	1783411	Stimulus	S 99
715.1672	0.0004	1787919	Stimulus	S 70
716.6172	0.0004	1791544	Stimulus	S130
716.702	0.0004	1791756	Stimulus	S 99
719.3216	0.0004	1798305	Stimulus	S 70
720.922	0.0004	1802306	Stimulus	S130
721.0068	0.0004	1802518	Stimulus	S 99
723.4176	0.0004	1808545	Stimulus	S 70
723.5956	0.0004	1808990	Stimulus	S130
723.6808	0.0004	1809203	Stimulus	S 99
726.0128	0.0004	1815033	Stimulus	S 70
728.0236	0.0004	1820060	Stimulus	S130
728.1088	0.0004	1820273	Stimulus	S 99
730.6316	0.0004	1826580	Stimulus	S 70
732.1768	0.0004	1830443	Stimulus	S130
732.2616	0.0004	1830655	Stimulus	S 99
734.1904	0.0004	1835477	Stimulus	S 70
735.0432	0.0004	1837609	Stimulus	S130
735.1284	0.0004	1837822	Stimulus	S 99
737.2536	0.0004	1843135	Stimulus	S 70
738.3716	0.0004	1845930	Stimulus	S130
738.4564	0.0004	1846142	Stimulus	S 99
740.7168	0.0004	1851793	Stimulus	S 70
741.6908	0.0004	1854228	Stimulus	S130
741.776	0.0004	1854441	Stimulus	S 99
743.4228	0.0004	1858558	Stimulus	S 70
743.6916	0.0004	1859230	Stimulus	S130
743.7768	0.0004	1859443	Stimulus	S 99
746.6788	0.0004	1866698	Stimulus	S 70
747.794	0.0004	1869486	Stimulus	S130
747.8788	0.0004	1869698	Stimulus	S 99
750.364	0.0004	1875911	Stimulus	S 70
750.6616	0.0004	1876655	Stimulus	S130
750.7468	0.0004	1876868	Stimulus	S130
753.1228	0.0004	1882808	Stimulus	S 70
753.446	0.0004	1883616	Stimulus	S130
753.5308	0.0004	1883828	Stimulus	S 99
755.8852	0.0004	1889714	Stimulus	S 70
756.0504	0.0004	1890127	Stimulus	S130
756.1352	0.0004	1890339	Stimulus	S 99
758.5032	0.0004	1896259	Stimulus	S 70
760.3132	0.0004	1900784	Stimulus	S130
760.3984	0.0004	1900997	Stimulus	S 99
763.0752	0.0004	1907689	Stimulus	S 70
763.228	0.0004	1908071	Stimulus	S130
763.3132	0.0004	1908284	Stimulus	S 99
764.838	0.0004	1912096	Stimulus	S 70
766.6188	0.0004	1916548	Stimulus	S130
766.704	0.0004	1916761	Stimulus	S 99
768.5008	0.0004	1921253	Stimulus	S 70
768.9048	0.0004	1922263	Stimulus	S130
768.99	0.0004	1922476	Stimulus	S 99
771.5928	0.0004	1928983	Stimulus	S 70
771.8348	0.0004	1929588	Stimulus	S130
771.9196	0.0004	1929800	Stimulus	S130
774.7296	0.0004	1936825	Stimulus	S 70
775.3836	0.0004	1938460	Stimulus	S130
775.4688	0.0004	1938673	Stimulus	S 99
777.4028	0.0004	1943508	Stimulus	S 70
777.6348	0.0004	1944088	Stimulus	S130
777.7196	0.0004	1944300	Stimulus	S 99
779.5568	0.0004	1948893	Stimulus	S 70
779.886	0.0004	1949716	Stimulus	S130
779.9708	0.0004	1949928	Stimulus	S 99
782.2556	0.0004	1955640	Stimulus	S 70
783.1436	0.0004	1957860	Stimulus	S130
783.2288	0.0004	1958073	Stimulus	S 99
786.0452	0.0004	1965114	Stimulus	S 70
788.1284	0.0004	1970322	Stimulus	S130
788.2136	0.0004	1970535	Stimulus	S 99
790.5024	0.0004	1976257	Stimulus	S 70
791.0512	0.0004	1977629	Stimulus	S130
791.1364	0.0004	1977842	Stimulus	S 99
793.2912	0.0004	1983229	Stimulus	S 70
794.3784	0.0004	1985947	Stimulus	S130
794.4632	0.0004	1986159	Stimulus	S 99
797.3284	0.0004	1993322	Stimulus	S 70
798.4576	0.0004	1996145	Stimulus	S130
798.5424	0.0004	1996357	Stimulus	S 99
801.0504	0.0004	2002627	Stimulus	S 70
801.2544	0.0004	2003137	Stimulus	S130
801.3392	0.0004	2003349	Stimulus	S 99
803.9892	0.0004	2009974	Stimulus	S 70
804.5484	0.0004	2011372	Stimulus	S130
804.6332	0.0004	2011584	Stimulus	S 99
892.2388	0.0004	2230598	Stimulus	S  1
894.028	0.0004	2235071	Stimulus	S 70
895.128	0.0004	2237821	Stimulus	S130
895.2128	0.0004	2238033	Stimulus	S 99
897.182	0.0004	2242956	Stimulus	S 70
898.282	0.0004	2245706	Stimulus	S130
898.3672	0.0004	2245919	Stimulus	S 99
900.8644	0.0004	2252162	Stimulus	S 70
901.9644	0.0004	2254912	Stimulus	S130
902.0496	0.0004	2255125	Stimulus	S 99
903.6656	0.0004	2259165	Stimulus	S 70
904.7656	0.0004	2261915	Stimulus	S130
904.8508	0.0004	2262128	Stimulus	S 99
906.3264	0.0004	2265817	Stimulus	S 70
907.4264	0.0004	2268567	Stimulus	S130
907.5112	0.0004	2268779	Stimulus	S 99
909.6768	0.0004	2274193	Stimulus	S 70
910.7768	0.0004	2276943	Stimulus	S130
910.862	0.0004	2277156	Stimulus	S 99
913.5556	0.0004	2283890	Stimulus	S 70
914.6556	0.0004	2286640	Stimulus	S130
914.7404	0.0004	2286852	Stimulus	S 99
917.0436	0.0004	2292610	Stimulus	S 70
918.1436	0.0004	2295360	Stimulus	S130
918.2288	0.0004	2295573	Stimulus	S 99
920.024	0.0004	2300061	Stimulus	S 70
921.124	0.0004	2302811	Stimulus	S130
921.2088	0.0004	2303023	Stimulus	S 99
923.5292	0.0004	2308824	Stimulus	S 70
924.6292	0.0004	2311574	Stimulus	S130
924.7144	0.0004	2311787	Stimulus	S 99
926.7568	0.0004	2316893	Stimulus	S 70
927.8568	0.0004	2319643	Stimulus	S130
927.942	0.0004	2319856	Stimulus	S 99
929.5216	0.0004	2323805	Stimulus	S 70
930.6216	0.0004	2326555	Stimulus	S130
930.7064	0.0004	2326767	Stimulus	S 99
932.3788	0.0004	2330948	Stimulus	S 70
933.4788	0.0004	2333698	Stimulus	S130
933.5636	0.0004	2333910	Stimulus	S130
935.5368	0.0004	2338843	Stimulus	S 70
936.6368	0.0004	2341593	Stimulus	S130
936.7216	0.0004	2341805	Stimulus	S 99
939.4448	0.0004	2348613	Stimulus	S 70
940.5448	0.0004	2351363	Stimulus	S130
940.63	0.0004	2351576	Stimulus	S 99
943.1012	0.0004	2357754	Stimulus	S 70
944.2012	0.0004	2360504	Stimulus	S130
944.286	0.0004	2360716	Stimulus	S 99
946.7776	0.0004	2366945	Stimulus	S 70
947.8776	0.0004	2369695	Stimulus	S130
947.9624	0.0004	2369907	Stimulus	S 99
950.3656	0.0004	2375915	Stimulus	S 70
951.466	0.0004	2378666	Stimulus	S130
951.5508	0.0004	2378878	Stimulus	S 99
954.4276	0.0004	2386070	Stimulus	S 70
955.5276	0.0004	2388820	Stimulus	S130
955.6128	0.0004	2389033	Stimulus	S 99
958.036	0.0004	2395091	Stimulus	S 70
959.136	0.0004	2397841	Stimulus	S130
959.2212	0.0004	2398054	Stimulus	S 99
961.2948	0.0004	2403238	Stimulus	S 70
962.3948	0.0004	2405988	Stimulus	S130
962.4796	0.0004	2406200	Stimulus	S 99
964.5536	0.0004	2411385	Stimulus	S 70
965.6536	0.0004	2414135	Stimulus	S130
965.7384	0.0004	2414347	Stimulus	S 99
967.318	0.0004	2418296	Stimulus	S 70
968.418	0.0004	2421046	Stimulus	S130
968.5028	0.0004	2421258	Stimulus	S 99
971.106	0.0004	2427766	Stimulus	S 70
972.206	0.0004	2430516	Stimulus	S130
972.2912	0.0004	2430729	Stimulus	S 99
974.4624	0.0004	2436157	Stimulus	S 70
975.5624	0.0004	2438907	Stimulus	S130
975.6472	0.0004	2439119	Stimulus	S 99
977.1252	0.0004	2442814	Stimulus	S 70
978.2252	0.0004	2445564	Stimulus	S130
978.3104	0.0004	2445777	Stimulus	S 99
979.8292	0.0004	2449574	Stimulus	S 70
980.9292	0.0004	2452324	Stimulus	S130
981.014	0.0004	2452536	Stimulus	S130
982.456	0.0004	2456141	Stimulus	S 70
983.556	0.0004	2458891	Stimulus	S130
983.6408	0.0004	2459103	Stimulus	S 99
985.1428	0.0004	2462858	Stimulus	S 70
986.2428	0.0004	2465608	Stimulus	S130
986.3276	0.0004	2465820	Stimulus	S 99
988.7836	0.0004	2471960	Stimulus	S 70
989.884	0.0004	2474711	Stimulus	S130
989.9688	0.0004	2474923	Stimulus	S 99
991.5012	0.0004	2478754	Stimulus	S 70
992.6012	0.0004	2481504	Stimulus	S130
992.686	0.0004	2481716	Stimulus	S 99
994.4244	0.0004	2486062	Stimulus	S 70
995.5244	0.0004	2488812	Stimulus	S130
995.6096	0.0004	2489025	Stimulus	S 99
997.9736	0.0004	2494935	Stimulus	S 70
999.0736	0.0004	2497685	Stimulus	S130
999.1584	0.0004	2497897	Stimulus	S 99
1001.6596	0.0004	2504150	Stimulus	S 70
1002.7596	0.0004	2506900	Stimulus	S130
1002.8444	0.0004	2507112	Stimulus	S 99
1004.8848	0.0004	2512213	Stimulus	S 70
1005.9852	0.0004	2514964	Stimulus	S130
1006.07	0.0004	2515176	Stimulus	S 99
1008.214	0.0004	2520536	Stimulus	S 70
1009.314	0.0004	2523286	Stimulus	S130
1009.3992	0.0004	2523499	Stimulus	S 99
1011.9876	0.0004	2529970	Stimulus	S 70
1013.0876	0.0004	2532720	Stimulus	S130
1013.1724	0.0004	2532932	Stimulus	S 99
1015.4548	0.0004	2538638	Stimulus	S 70
1016.5552	0.0004	2541389	Stimulus	S130
1016.64	0.0004	2541601	Stimulus	S 99
1019.3852	0.0004	2548464	Stimulus	S 70
1020.4852	0.0004	2551214	Stimulus	S130
1020.57	0.0004	2551426	Stimulus	S 99
1022.5444	0.0004	2556362	Stimulus	S 70
1023.6444	0.0004	2559112	Stimulus	S130
1023.7292	0.0004	2559324	Stimulus	S 99
1025.7816	0.0004	2564455	Stimulus	S 70
1026.8816	0.0004	2567205	Stimulus	S130
1026.9668	0.0004	2567418	Stimulus	S 99
1029.4324	0.0004	2573582	Stimulus	S 70
1030.5324	0.0004	2576332	Stimulus	S130
1030.6176	0.0004	2576545	Stimulus	S 99
1032.882	0.0004	2582206	Stimulus	S 70
1033.982	0.0004	2584956	Stimulus	S130
1034.0668	0.0004	2585168	Stimulus	S 99
1036.9788	0.0004	2592448	Stimulus	S 70
1038.0788	0.0004	2595198	Stimulus	S130
1038.164	0.0004	2595411	Stimulus	S 99
1040.734	0.0004	2601836	Stimulus	S 70
1041.834	0.0004	2604586	Stimulus	S130
1041.9192	0.0004	2604799	Stimulus	S130
1043.8444	0.0004	2609612	Stimulus	S 70
1044.9444	0.0004	2612362	Stimulus	S130
1045.0296	0.0004	2612575	Stimulus	S130
1046.6836	0.0004	2616710	Stimulus	S 70
1047.7836	0.0004	2619460	Stimulus	S130
1047.8684	0.0004	2619672	Stimulus	S130
1049.7128	0.0004	2624283	Stimulus	S 70
1050.8128	0.0004	2627033	Stimulus	S130
1050.8976	0.0004	2627245	Stimulus	S 99
1053.5016	0.0004	2633755	Stimulus	S 70
1054.6016	0.0004	2636505	Stimulus	S130
1054.6868	0.0004	2636718	Stimulus	S 99
1057.4448	0.0004	2643613	Stimulus	S 70
1058.5448	0.0004	2646363	Stimulus	S130
1058.6296	0.0004	2646575	Stimulus	S 99
1060.6432	0.0004	2651609	Stimulus	S 70
1061.7432	0.0004	2654359	Stimulus	S130
1061.8284	0.0004	2654572	Stimulus	S 99
1064.508	0.0004	2661271	Stimulus	S 70
1065.608	0.0004	2664021	Stimulus	S130
1065.6928	0.0004	2664233	Stimulus	S 99
1067.572	0.0004	2668931	Stimulus	S 70
1068.6724	0.0004	2671682	Stimulus	S130
1068.7572	0.0004	2671894	Stimulus	S 99
1070.6944	0.0004	2676737	Stimulus	S 70
1071.7944	0.0004	2679487	Stimulus	S130
1071.8792	0.0004	2679699	Stimulus	S 99
1074.0148	0.0004	2685038	Stimulus	S 70
1075.1148	0.0004	2687788	Stimulus	S130
1075.2	0.0004	2688001	Stimulus	S 99
1077.3692	0.0004	2693424	Stimulus	S 70
1078.4692	0.0004	2696174	Stimulus	S130
1078.5544	0.0004	2696387	Stimulus	S 99
1081.3464	0.0004	2703367	Stimulus	S 70
1082.4464	0.0004	2706117	Stimulus	S130
1082.5316	0.0004	2706330	Stimulus	S 99
1085.3812	0.0004	2713454	Stimulus	S 70
1086.4816	0.0004	2716205	Stimulus	S130
1086.5664	0.0004	2716417	Stimulus	S 99
1088.3348	0.0004	2720838	Stimulus	S 70
1089.4348	0.0004	2723588	Stimulus	S130
1089.52	0.0004	2723801	Stimulus	S130
1091.67	0.0004	2729176	Stimulus	S 70
1092.77	0.0004	2731926	Stimulus	S130
1092.8552	0.0004	2732139	Stimulus	S 99
1094.9212	0.0004	2737304	Stimulus	S 70
1096.0212	0.0004	2740054	Stimulus	S130
1096.106	0.0004	2740266	Stimulus	S 99
1097.7832	0.0004	2744459	Stimulus	S 70
1098.8832	0.0004	2747209	Stimulus	S130
1098.9684	0.0004	2747422	Stimulus	S 99
1101.5452	0.0004	2753864	Stimulus	S 70
1102.6452	0.0004	2756614	Stimulus	S130
1102.7304	0.0004	2756827	Stimulus	S 99
1104.7344	0.0004	2761837	Stimulus	S 70
1105.8344	0.0004	2764587	Stimulus	S130
1105.9192	0.0004	2764799	Stimulus	S 99
1107.7716	0.0004	2769430	Stimulus	S 70
1108.8716	0.0004	2772180	Stimulus	S130
1108.9564	0.0004	2772392	Stimulus	S 99
1111.2264	0.0004	2778067	Stimulus	S 70
1112.3264	0.0004	2780817	Stimulus	S130
1112.4112	0.0004	2781029	Stimulus	S 99
1115.1304	0.0004	2787827	Stimulus	S 70
1116.2304	0.0004	2790577	Stimulus	S130
1116.3152	0.0004	2790789	Stimulus	S 99
1118.112	0.0004	2795281	Stimulus	S 70
1119.212	0.0004	2798031	Stimulus	S130
1119.2968	0.0004	2798243	Stimulus	S 99
1120.746	0.0004	2801866	Stimulus	S 70
1121.846	0.0004	2804616	Stimulus	S130
1121.9316	0.0004	2804830	Stimulus	S 99
1124.6152	0.0004	2811539	Stimulus	S 70
1125.7152	0.0004	2814289	Stimulus	S130
1125.8004	0.0004	2814502	Stimulus	S 99
1127.6924	0.0004	2819232	Stimulus	S 70
1128.7924	0.0004	2821982	Stimulus	S130
1128.8776	0.0004	2822195	Stimulus	S 99
1130.4204	0.0004	2826052	Stimulus	S 70
1131.5204	0.0004	2828802	Stimulus	S130
1131.6056	0.0004	2829015	Stimulus	S 99
1133.9912	0.0004	2834979	Stimulus	S 70
1135.0912	0.0004	2837729	Stimulus	S130
1135.1764	0.0004	2837942	Stimulus	S 99
1137.0896	0.0004	2842725	Stimulus	S 70
1138.1896	0.0004	2845475	Stimulus	S130
1138.2744	0.0004	2845687	Stimulus	S 99
1140.1096	0.0004	2850275	Stimulus	S 70
1141.2096	0.0004	2853025	Stimulus	S130
1141.2944	0.0004	2853237	Stimulus	S 99
1143.898	0.0004	2859746	Stimulus	S 70
1144.998	0.0004	2862496	Stimulus	S130
1145.0832	0.0004	2862709	Stimulus	S 99
1147.2508	0.0004	2868128	Stimulus	S 70
1148.3508	0.0004	2870878	Stimulus	S130
1148.436	0.0004	2871091	Stimulus	S 99
1150.2256	0.0004	2875565	Stimulus	S 70
1151.3256	0.0004	2878315	Stimulus	S130
1151.4104	0.0004	2878527	Stimulus	S 99
1153.8364	0.0004	2884592	Stimulus	S 70
1154.9364	0.0004	2887342	Stimulus	S130
1155.0212	0.0004	2887554	Stimulus	S 99
1156.9716	0.0004	2892430	Stimulus	S 70
1158.072	0.0004	2895181	Stimulus	S130
1158.1568	0.0004	2895393	Stimulus	S 99
1160.7276	0.0004	2901820	Stimulus	S 70
1161.8276	0.0004	2904570	Stimulus	S130
1161.9124	0.0004	2904782	Stimulus	S 99
1164.6936	0.0004	2911735	Stimulus	S 70
1165.7936	0.0004	2914485	Stimulus	S130
1165.8788	0.0004	2914698	Stimulus	S 99
1167.914	0.0004	2919786	Stimulus	S 70
1169.014	0.0004	2922536	Stimulus	S130
1169.0992	0.0004	2922749	Stimulus	S 99
1171.4528	0.0004	2928633	Stimulus	S 70
1172.5528	0.0004	2931383	Stimulus	S130
1172.638	0.0004	2931596	Stimulus	S 99
1174.3896	0.0004	2935975	Stimulus	S 70
1175.4896	0.0004	2938725	Stimulus	S130
1175.5748	0.0004	2938938	Stimulus	S 99
1178.4292	0.0004	2946074	Stimulus	S 70
1179.5292	0.0004	2948824	Stimulus	S130
1179.6144	0.0004	2949037	Stimulus	S 99
1181.52	0.0004	2953801	Stimulus	S 70
1182.62	0.0004	2956551	Stimulus	S130
1182.7052	0.0004	2956764	Stimulus	S 99
1185.4748	0.0004	2963688	Stimulus	S 70
1186.5748	0.0004	2966438	Stimulus	S130
1186.66	0.0004	2966651	Stimulus	S 99
1188.7524	0.0004	2971882	Stimulus	S 70
1189.8524	0.0004	2974632	Stimulus	S130
1189.9372	0.0004	2974844	Stimulus	S 99
1191.436	0.0004	2978591	Stimulus	S 70
1192.536	0.0004	2981341	Stimulus	S130
1192.6212	0.0004	2981554	Stimulus	S 99
1195.3208	0.0004	2988303	Stimulus	S 70
1196.4208	0.0004	2991053	Stimulus	S130
1196.506	0.0004	2991266	Stimulus	S 99
1197.9752	0.0004	2994939	Stimulus	S 70
1199.0752	0.0004	2997689	Stimulus	S130
1199.16	0.0004	2997901	Stimulus	S 99
1201.6836	0.0004	3004210	Stimulus	S 70
1202.7836	0.0004	3006960	Stimulus	S130
1202.8684	0.0004	3007172	Stimulus	S 99
1204.302	0.0004	3010756	Stimulus	S 70
1205.402	0.0004	3013506	Stimulus	S130
1205.4872	0.0004	3013719	Stimulus	S 99
1207.7736	0.0004	3019435	Stimulus	S 70
1208.8736	0.0004	3022185	Stimulus	S130
1208.9584	0.0004	3022397	Stimulus	S 99
1210.8264	0.0004	3027067	Stimulus	S 70
1211.9264	0.0004	3029817	Stimulus	S130
1212.0116	0.0004	3030030	Stimulus	S 99
1214.4032	0.0004	3036009	Stimulus	S 70
1215.5032	0.0004	3038759	Stimulus	S130
1215.5884	0.0004	3038972	Stimulus	S 99
1217.8928	0.0004	3044733	Stimulus	S 70
1218.9928	0.0004	3047483	Stimulus	S130
1219.078	0.0004	3047696	Stimulus	S 99
1221.3596	0.0004	3053400	Stimulus	S 70
1222.46	0.0004	3056151	Stimulus	S130
1222.5448	0.0004	3056363	Stimulus	S 99
1224.718	0.0004	3061796	Stimulus	S 70
1225.818	0.0004	3064546	Stimulus	S130
1225.9036	0.0004	3064760	Stimulus	S 99
1442.96	0.0004	3607401	Stimulus	S  1
1445.832	0.0004	3614581	Stimulus	S 70
1447.0208	0.0004	3617553	Stimulus	S130
1447.106	0.0004	3617766	Stimulus	S 99
1448.7052	0.0004	3621764	Stimulus	S 70
1448.9628	0.0004	3622408	Stimulus	S130
1449.048	0.0004	3622621	Stimulus	S 99
1451.3444	0.0004	3628362	Stimulus	S 70
1452.2752	0.0004	3630689	Stimulus	S130
1452.3604	0.0004	3630902	Stimulus	S 99
1454.574	0.0004	3636436	Stimulus	S 70
1456.1472	0.0004	3640369	Stimulus	S130
1456.232	0.0004	3640581	Stimulus	S 99
1458.0428	0.0004	3645108	Stimulus	S 70
1459.582	0.0004	3648956	Stimulus	S130
1459.6668	0.0004	3649168	Stimulus	S 99
1461.3292	0.0004	3653324	Stimulus	S 70
1463.1712	0.0004	3657929	Stimulus	S130
1463.2564	0.0004	3658142	Stimulus	S 99
1465.0916	0.0004	3662730	Stimulus	S 70
1466.6656	0.0004	3666665	Stimulus	S130
1466.7508	0.0004	3666878	Stimulus	S 99
1469.104	0.0004	3672761	Stimulus	S 70
1470.38	0.0004	3675951	Stimulus	S130
1470.4652	0.0004	3676164	Stimulus	S 99
1472.0236	0.0004	3680060	Stimulus	S 70
1473.3076	0.0004	3683270	Stimulus	S130
1473.3928	0.0004	3683483	Stimulus	S 99
1475.1888	0.0004	3687973	Stimulus	S 70
1477.1532	0.0004	3692884	Stimulus	S130
1477.238	0.0004	3693096	Stimulus	S 99
1480.1452	0.0004	3700364	Stimulus	S 70
1481.5884	0.0004	3703972	Stimulus	S130
1481.6736	0.0004	3704185	Stimulus	S 99
1483.7164	0.0004	3709292	Stimulus	S 70
1483.9032	0.0004	3709759	Stimulus	S130
1483.9884	0.0004	3709972	Stimulus	S 99
1486.8604	0.0004	3717152	Stimulus	S 70
1488.7124	0.0004	3721782	Stimulus	S130
1488.7976	0.0004	3721995	Stimulus	S 99
1491.6856	0.0004	3729215	Stimulus	S 70
1492.2256	0.0004	3730565	Stimulus	S130
1492.3104	0.0004	3730777	Stimulus	S 99
1494.602	0.0004	3736506	Stimulus	S 70
1495.072	0.0004	3737681	Stimulus	S130
1495.1572	0.0004	3737894	Stimulus	S 99
1497.7324	0.0004	3744332	Stimulus	S 70
1498.6784	0.0004	3746697	Stimulus	S130
1498.7636	0.0004	3746910	Stimulus	S 99
1500.456	0.0004	3751141	Stimulus	S 70
1501.5392	0.0004	3753849	Stimulus	S130
1501.624	0.0004	3754061	Stimulus	S 99
1504.14	0.0004	3760351	Stimulus	S 70
1504.722	0.0004	3761806	Stimulus	S130
1504.8072	0.0004	3762019	Stimulus	S 99
1507.3304	0.0004	3768327	Stimulus	S 70
1509.1452	0.0004	3772864	Stimulus	S130
1509.2304	0.0004	3773077	Stimulus	S130
1510.7876	0.0004	3776970	Stimulus	S 70
1511.984	0.0004	3779961	Stimulus	S130
1512.0688	0.0004	3780173	Stimulus	S130
1514.6104	0.0004	3786527	Stimulus	S 70
1516.1604	0.0004	3790402	Stimulus	S130
1516.2452	0.0004	3790614	Stimulus	S 99
1518.8512	0.0004	3797129	Stimulus	S 70
1519.1332	0.0004	3797834	Stimulus	S130
1519.218	0.0004	3798046	Stimulus	S 99
1521.6976	0.0004	3804245	Stimulus	S 70
1523.0908	0.0004	3807728	Stimulus	S130
1523.176	0.0004	3807941	Stimulus	S 99
1525.9572	0.0004	3814894	Stimulus	S 70
1527.0524	0.0004	3817632	Stimulus	S130
1527.1376	0.0004	3817845	Stimulus	S 99
1529.5548	0.0004	3823888	Stimulus	S 70
1531.1368	0.0004	3827843	Stimulus	S130
1531.222	0.0004	3828056	Stimulus	S130
1533.304	0.0004	3833261	Stimulus	S 70
1535.02	0.0004	3837551	Stimulus	S130
1535.1048	0.0004	3837763	Stimulus	S 99
1537.5724	0.0004	3843932	Stimulus	S 70
1538.3384	0.0004	3845847	Stimulus	S130
1538.4232	0.0004	3846059	Stimulus	S 99
1541.232	0.0004	3853081	Stimulus	S 70
1542.166	0.0004	3855416	Stimulus	S130
1542.2512	0.0004	3855629	Stimulus	S 99
1545.0772	0.0004	3862694	Stimulus	S 70
1545.1792	0.0004	3862949	Stimulus	S130
1545.264	0.0004	3863161	Stimulus	S 99
1548.1376	0.0004	3870345	Stimulus	S 70
1550.1788	0.0004	3875448	Stimulus	S130
1550.264	0.0004	3875661	Stimulus	S 99
1552.7176	0.0004	3881795	Stimulus	S 70
1553.4028	0.0004	3883508	Stimulus	S130
1553.488	0.0004	3883721	Stimulus	S 99
1555.1844	0.0004	3887962	Stimulus	S 70
1555.8024	0.0004	3889507	Stimulus	S130
1555.8876	0.0004	3889720	Stimulus	S 99
1558.7252	0.0004	3896814	Stimulus	S 70
1559.7924	0.0004	3899482	Stimulus	S130
1559.8772	0.0004	3899694	Stimulus	S 99
1562.57	0.0004	3906426	Stimulus	S 70
1563.5088	0.0004	3908773	Stimulus	S130
1563.594	0.0004	3908986	Stimulus	S 99
1565.7408	0.0004	3914353	Stimulus	S 70
1567.1688	0.0004	3917923	Stimulus	S130
1567.254	0.0004	3918136	Stimulus	S130
1569.0368	0.0004	3922593	Stimulus	S 70
1570.1128	0.0004	3925283	Stimulus	S130
1570.1976	0.0004	3925495	Stimulus	S 99
1571.8988	0.0004	3929748	Stimulus	S 70
1572.5048	0.0004	3931263	Stimulus	S130
1572.5896	0.0004	3931475	Stimulus	S 99
1574.4916	0.0004	3936230	Stimulus	S 70
1575.2124	0.0004	3938032	Stimulus	S130
1575.2976	0.0004	3938245	Stimulus	S 99
1577.7296	0.0004	3944325	Stimulus	S 70
1578.8616	0.0004	3947155	Stimulus	S130
1578.9468	0.0004	3947368	Stimulus	S 99
1581.2404	0.0004	3953102	Stimulus	S 70
1582.4504	0.0004	3956127	Stimulus	S130
1582.5352	0.0004	3956339	Stimulus	S 99
1584.5708	0.0004	3961428	Stimulus	S 70
1585.8028	0.0004	3964508	Stimulus	S130
1585.8876	0.0004	3964720	Stimulus	S 99
1588.6772	0.0004	3971694	Stimulus	S 70
1588.8232	0.0004	3972059	Stimulus	S130
1588.908	0.0004	3972271	Stimulus	S 99
1591.2144	0.0004	3978037	Stimulus	S 70
1591.7104	0.0004	3979277	Stimulus	S130
1591.7956	0.0004	3979490	Stimulus	S 99
1593.5232	0.0004	3983809	Stimulus	S 70
1595.5052	0.0004	3988764	Stimulus	S130
1595.59	0.0004	3988976	Stimulus	S 99
1597.4804	0.0004	3993702	Stimulus	S 70
1597.9516	0.0004	3994880	Stimulus	S130
1598.0364	0.0004	3995092	Stimulus	S 99
1600.0288	0.0004	4000073	Stimulus	S 70
1601.6376	0.0004	4004095	Stimulus	S130
1601.7228	0.0004	4004308	Stimulus	S 99
1604.3404	0.0004	4010852	Stimulus	S 70
1605.3244	0.0004	4013312	Stimulus	S130
1605.4092	0.0004	4013524	Stimulus	S 99
1607.6328	0.0004	4019083	Stimulus	S 70
1608.044	0.0004	4020111	Stimulus	S130
1608.1288	0.0004	4020323	Stimulus	S 99
1610.3396	0.0004	4025850	Stimulus	S 70
1612.1888	0.0004	4030473	Stimulus	S130
1612.274	0.0004	4030686	Stimulus	S 99
1614.2876	0.0004	4035720	Stimulus	S 70
1615.6736	0.0004	4039185	Stimulus	S130
1615.7588	0.0004	4039398	Stimulus	S 99
1618.102	0.0004	4045256	Stimulus	S 70
1619.7552	0.0004	4049389	Stimulus	S130
1619.8404	0.0004	4049602	Stimulus	S 99
1622.688	0.0004	4056721	Stimulus	S 70
1622.84	0.0004	4057101	Stimulus	S130
1622.9248	0.0004	4057313	Stimulus	S 99
1624.6804	0.0004	4061702	Stimulus	S 70
1625.5664	0.0004	4063917	Stimulus	S130
1625.6512	0.0004	4064129	Stimulus	S 99
1627.2796	0.0004	4068200	Stimulus	S 70
1627.4704	0.0004	4068677	Stimulus	S130
1627.5556	0.0004	4068890	Stimulus	S 99
1629.2648	0.0004	4073163	Stimulus	S 70
1630.1376	0.0004	4075345	Stimulus	S130
1630.2228	0.0004	4075558	Stimulus	S 99
1633.1336	0.0004	4082835	Stimulus	S 70
1634.0516	0.0004	4085130	Stimulus	S130
1634.1364	0.0004	4085342	Stimulus	S 99
1635.9716	0.0004	4089930	Stimulus	S 70
1637.9208	0.0004	4094803	Stimulus	S130
1638.0056	0.0004	4095015	Stimulus	S 99
1640.6456	0.0004	4101615	Stimulus	S 70
1641.2236	0.0004	4103060	Stimulus	S130
1641.3088	0.0004	4103273	Stimulus	S 99
1643.9688	0.0004	4109923	Stimulus	S 70
1644.2788	0.0004	4110698	Stimulus	S130
1644.3636	0.0004	4110910	Stimulus	S130
1646.1352	0.0004	4115339	Stimulus	S 70
1647.7524	0.0004	4119382	Stimulus	S130
1647.8376	0.0004	4119595	Stimulus	S 99
1650.0488	0.0004	4125123	Stimulus	S 70
1650.4516	0.0004	4126130	Stimulus	S130
1650.5368	0.0004	4126343	Stimulus	S 99
1652.5224	0.0004	4131307	Stimulus	S 70
1654.2264	0.0004	4135567	Stimulus	S130
1654.3116	0.0004	4135780	Stimulus	S 99
1656.3364	0.0004	4140842	Stimulus	S 70
1658.1012	0.0004	4145254	Stimulus	S130
1658.1864	0.0004	4145467	Stimulus	S 99
1660.4312	0.0004	4151079	Stimulus	S 70
1662.2452	0.0004	4155614	Stimulus	S130
1662.3304	0.0004	4155827	Stimulus	S 99
1664.8424	0.0004	4162107	Stimulus	S 70
1665.0344	0.0004	4162587	Stimulus	S130
1665.1196	0.0004	4162800	Stimulus	S 99
1667.6416	0.0004	4169105	Stimulus	S 70
1667.9276	0.0004	4169820	Stimulus	S130
1668.0124	0.0004	4170032	Stimulus	S130
1669.6692	0.0004	4174174	Stimulus	S 70
1670.9772	0.0004	4177444	Stimulus	S130
1671.0624	0.0004	4177657	Stimulus	S 99
1672.6252	0.0004	4181564	Stimulus	S 70
1672.9	0.0004	4182251	Stimulus	S130
1672.9852	0.0004	4182464	Stimulus	S 99
1675.2992	0.0004	4188249	Stimulus	S 70
1675.47	0.0004	4188676	Stimulus	S130
1675.5552	0.0004	4188889	Stimulus	S 99
1677.4556	0.0004	4193640	Stimulus	S 70
1679.2476	0.0004	4198120	Stimulus	S130
1679.3324	0.0004	4198332	Stimulus	S 99
1681.836	0.0004	4204591	Stimulus	S 70
1683.28	0.0004	4208201	Stimulus	S130
1683.3652	0.0004	4208414	Stimulus	S 99
1685.9372	0.0004	4214844	Stimulus	S 70
1687.6352	0.0004	4219089	Stimulus	S130
1687.7204	0.0004	4219302	Stimulus	S 99
1690.4084	0.0004	4226022	Stimulus	S 70
1691.1296	0.0004	4227825	Stimulus	S130
1691.2148	0.0004	4228038	Stimulus	S 99
1693.1956	0.0004	4232990	Stimulus	S 70
1694.0056	0.0004	4235015	Stimulus	S130
1694.0904	0.0004	4235227	Stimulus	S 99
1695.9944	0.0004	4239987	Stimulus	S 70
1696.1264	0.0004	4240317	Stimulus	S130
1696.2116	0.0004	4240530	Stimulus	S 99
1698.5288	0.0004	4246323	Stimulus	S 70
1699.3872	0.0004	4248469	Stimulus	S130
1699.472	0.0004	4248681	Stimulus	S 99
1701.5192	0.0004	4253799	Stimulus	S 70
1703.2664	0.0004	4258167	Stimulus	S130
1703.3512	0.0004	4258379	Stimulus	S 99
1706.2288	0.0004	4265573	Stimulus	S 70
1707.388	0.0004	4268471	Stimulus	S130
1707.4728	0.0004	4268683	Stimulus	S 99
1709.9568	0.0004	4274893	Stimulus	S 70
1711.554	0.0004	4278886	Stimulus	S130
1711.6388	0.0004	4279098	Stimulus	S 99
1714.2652	0.0004	4285664	Stimulus	S 70
1715.6976	0.0004	4289245	Stimulus	S130
1715.7824	0.0004	4289457	Stimulus	S 99
1718.0164	0.0004	4295042	Stimulus	S 70
1719.7452	0.0004	4299364	Stimulus	S130
1719.8304	0.0004	4299577	Stimulus	S 99
1721.254	0.0004	4303136	Stimulus	S 70
1722.678	0.0004	4306696	Stimulus	S130
1722.7632	0.0004	4306909	Stimulus	S 99
1724.4568	0.0004	4311143	Stimulus	S 70
1725.866	0.0004	4314666	Stimulus	S130
1725.9512	0.0004	4314879	Stimulus	S 99
1727.7224	0.0004	4319307	Stimulus	S 70
1728.2624	0.0004	4320657	Stimulus	S130
1728.3472	0.0004	4320869	Stimulus	S 99
1730.1208	0.0004	4325303	Stimulus	S 70
1730.5496	0.0004	4326375	Stimulus	S130
1730.6348	0.0004	4326588	Stimulus	S 99
1733.138	0.0004	4332846	Stimulus	S 70
1734.9368	0.0004	4337343	Stimulus	S130
1735.022	0.0004	4337556	Stimulus	S130
1737.7968	0.0004	4344493	Stimulus	S 70
1739.1588	0.0004	4347898	Stimulus	S130
1739.244	0.0004	4348111	Stimulus	S 99
1742.0912	0.0004	4355229	Stimulus	S 70
1742.9844	0.0004	4357462	Stimulus	S130
1743.0692	0.0004	4357674	Stimulus	S 99
1745.0804	0.0004	4362702	Stimulus	S 70
1746.4276	0.0004	4366070	Stimulus	S130
1746.5124	0.0004	4366282	Stimulus	S 99
1748.4368	0.0004	4371093	Stimulus	S 70
1748.5828	0.0004	4371458	Stimulus	S130
1748.6676	0.0004	4371670	Stimulus	S 99
1750.512	0.0004	4376281	Stimulus	S 70
1750.9928	0.0004	4377483	Stimulus	S130
1751.078	0.0004	4377696	Stimulus	S 99
1753.3872	0.0004	4383469	Stimulus	S 70
1755	0.0004	4387501	Stimulus	S130
1755.0852	0.0004	4387714	Stimulus	S 99
1757.274	0.0004	4393186	Stimulus	S 70
1759.1424	0.0004	4397857	Stimulus	S130
1759.2272	0.0004	4398069	Stimulus	S 99
1761.3872	0.0004	4403469	Stimulus	S 70
1763.3236	0.0004	4408310	Stimulus	S130
1763.4084	0.0004	4408522	Stimulus	S 99
1765.5788	0.0004	4413948	Stimulus	S 70
1766.5728	0.0004	4416433	Stimulus	S130
1766.6576	0.0004	4416645	Stimulus	S 99
1769.3956	0.0004	4423490	Stimulus	S 70
1770.1404	0.0004	4425352	Stimulus	S130
1770.2256	0.0004	4425565	Stimulus	S 99
1772.8864	0.0004	4432217	Stimulus	S 70
1774.5236	0.0004	4436310	Stimulus	S130
1774.6088	0.0004	4436523	Stimulus	S 99
1776.5356	0.0004	4441340	Stimulus	S 70
1777.4568	0.0004	4443643	Stimulus	S130
1777.542	0.0004	4443856	Stimulus	S 99
1780.1928	0.0004	4450483	Stimulus	S 70
1780.5736	0.0004	4451435	Stimulus	S130
1780.6588	0.0004	4451648	Stimulus	S 99
1782.8992	0.0004	4457249	Stimulus	S 70
1784.0272	0.0004	4460069	Stimulus	S130
1784.112	0.0004	4460281	Stimulus	S 99
1909.3616	0.0004	4773405	Stimulus	S  1
1911.3128	0.0004	4778283	Stimulus	S 70
1912.4128	0.0004	4781033	Stimulus	S130
1912.4976	0.0004	4781245	Stimulus	S 99
1914.9076	0.0004	4787270	Stimulus	S 70
1916.0076	0.0004	4790020	Stimulus	S130
1916.0928	0.0004	4790233	Stimulus	S130
1917.744	0.0004	4794361	Stimulus	S 70
1918.844	0.0004	4797111	Stimulus	S130
1918.9292	0.0004	4797324	Stimulus	S 99
1920.7692	0.0004	4801924	Stimulus	S 70
1921.8692	0.0004	4804674	Stimulus	S130
1921.9544	0.0004	4804887	Stimulus	S 99
1923.4668	0.0004	4808668	Stimulus	S 70
1924.5668	0.0004	4811418	Stimulus	S130
1924.652	0.0004	4811631	Stimulus	S 99
1926.584	0.0004	4816461	Stimulus	S 70
1927.684	0.0004	4819211	Stimulus	S130
1927.7688	0.0004	4819423	Stimulus	S 99
1929.2036	0.0004	4823010	Stimulus	S 70
1930.3036	0.0004	4825760	Stimulus	S130
1930.3888	0.0004	4825973	Stimulus	S 99
1932.3376	0.0004	4830845	Stimulus	S 70
1933.438	0.0004	4833596	Stimulus	S130
1933.5228	0.0004	4833808	Stimulus	S 99
1935.9768	0.0004	4839943	Stimulus	S 70
1937.0768	0.0004	4842693	Stimulus	S130
1937.1616	0.0004	4842905	Stimulus	S 99
1939.9984	0.0004	4849997	Stimulus	S 70
1941.0984	0.0004	4852747	Stimulus	S130
1941.1836	0.0004	4852960	Stimulus	S130
1942.926	0.0004	4857316	Stimulus	S 70
1944.0264	0.0004	4860067	Stimulus	S130
1944.1112	0.0004	4860279	Stimulus	S 99
1945.9472	0.0004	4864869	Stimulus	S 70
1947.0472	0.0004	4867619	Stimulus	S130
1947.1324	0.0004	4867832	Stimulus	S 99
1949.0544	0.0004	4872637	Stimulus	S 70
1950.1544	0.0004	4875387	Stimulus	S130
1950.2396	0.0004	4875600	Stimulus	S 99
1952.2144	0.0004	4880537	Stimulus	S 70
1953.3144	0.0004	4883287	Stimulus	S130
1953.3996	0.0004	4883500	Stimulus	S 99
1955.5632	0.0004	4888909	Stimulus	S 70
1956.6632	0.0004	4891659	Stimulus	S130
1956.7484	0.0004	4891872	Stimulus	S 99
1958.194	0.0004	4895486	Stimulus	S 70
1959.294	0.0004	4898236	Stimulus	S130
1959.3792	0.0004	4898449	Stimulus	S 99
1961.8916	0.0004	4904730	Stimulus	S 70
1962.9916	0.0004	4907480	Stimulus	S130
1963.0768	0.0004	4907693	Stimulus	S 99
1964.6092	0.0004	4911524	Stimulus	S 70
1965.7092	0.0004	4914274	Stimulus	S130
1965.794	0.0004	4914486	Stimulus	S 99
1968.5568	0.0004	4921393	Stimulus	S 70
1969.6568	0.0004	4924143	Stimulus	S130
1969.7416	0.0004	4924355	Stimulus	S 99
1971.5684	0.0004	4928922	Stimulus	S 70
1972.6684	0.0004	4931672	Stimulus	S130
1972.7536	0.0004	4931885	Stimulus	S 99
1974.8892	0.0004	4937224	Stimulus	S 70
1975.9892	0.0004	4939974	Stimulus	S130
1976.0744	0.0004	4940187	Stimulus	S 99
1978.9124	0.0004	4947282	Stimulus	S 70
1980.0124	0.0004	4950032	Stimulus	S130
1980.0972	0.0004	4950244	Stimulus	S 99
1982.646	0.0004	4956616	Stimulus	S 70
1983.746	0.0004	4959366	Stimulus	S130
1983.8312	0.0004	4959579	Stimulus	S 99
1986.6988	0.0004	4966748	Stimulus	S 70
1987.7988	0.0004	4969498	Stimulus	S130
1987.884	0.0004	4969711	Stimulus	S 99
1989.78	0.0004	4974451	Stimulus	S 70
1990.88	0.0004	4977201	Stimulus	S130
1990.9648	0.0004	4977413	Stimulus	S 99
1993.1188	0.0004	4982798	Stimulus	S 70
1994.2188	0.0004	4985548	Stimulus	S130
1994.3036	0.0004	4985760	Stimulus	S 99
1996.9196	0.0004	4992300	Stimulus	S 70
1998.0196	0.0004	4995050	Stimulus	S130
1998.1048	0.0004	4995263	Stimulus	S 99
2000.0236	0.0004	5000060	Stimulus	S 70
2001.1236	0.0004	5002810	Stimulus	S130
2001.2088	0.0004	5003023	Stimulus	S 99
2003.8408	0.0004	5009603	Stimulus	S 70
2004.9408	0.0004	5012353	Stimulus	S130
2005.026	0.0004	5012566	Stimulus	S 99
2007.9104	0.0004	5019777	Stimulus	S 70
2009.0104	0.0004	5022527	Stimulus	S130
2009.0956	0.0004	5022740	Stimulus	S130
2011.2708	0.0004	5028178	Stimulus	S 70
2012.3708	0.0004	5030928	Stimulus	S130
2012.456	0.0004	5031141	Stimulus	S 99
2014.7652	0.0004	5036914	Stimulus	S 70
2015.8652	0.0004	5039664	Stimulus	S130
2015.9504	0.0004	5039877	Stimulus	S 99
2017.7456	0.0004	5044365	Stimulus	S 70
2018.8456	0.0004	5047115	Stimulus	S130
2018.9308	0.0004	5047328	Stimulus	S 99
2021.3468	0.0004	5053368	Stimulus	S 70
2022.4468	0.0004	5056118	Stimulus	S130
2022.5316	0.0004	5056330	Stimulus	S 99
2025.0588	0.0004	5062648	Stimulus	S 70
2026.1588	0.0004	5065398	Stimulus	S130
2026.244	0.0004	5065611	Stimulus	S 99
2028.8744	0.0004	5072187	Stimulus	S 70
2029.9744	0.0004	5074937	Stimulus	S130
2030.0596	0.0004	5075150	Stimulus	S 99
2032.6532	0.0004	5081634	Stimulus	S 70
2033.7532	0.0004	5084384	Stimulus	S130
2033.8384	0.0004	5084597	Stimulus	S 99
2036.1912	0.0004	5090479	Stimulus	S 70
2037.2912	0.0004	5093229	Stimulus	S130
2037.376	0.0004	5093441	Stimulus	S 99
2039.5084	0.0004	5098772	Stimulus	S 70
2040.6084	0.0004	5101522	Stimulus	S130
2040.6932	0.0004	5101734	Stimulus	S130
2042.7112	0.0004	5106779	Stimulus	S 70
2043.8112	0.0004	5109529	Stimulus	S130
2043.896	0.0004	5109741	Stimulus	S 99
2046.1812	0.0004	5115454	Stimulus	S 70
2047.2812	0.0004	5118204	Stimulus	S130
2047.3664	0.0004	5118417	Stimulus	S 99
2049.6584	0.0004	5124147	Stimulus	S 70
2050.7584	0.0004	5126897	Stimulus	S130
2050.8436	0.0004	5127110	Stimulus	S 99
2052.8448	0.0004	5132113	Stimulus	S 70
2053.9448	0.0004	5134863	Stimulus	S130
2054.0296	0.0004	5135075	Stimulus	S 99
2056.3788	0.0004	5140948	Stimulus	S 70
2057.4792	0.0004	5143699	Stimulus	S130
2057.564	0.0004	5143911	Stimulus	S 99
2060.0208	0.0004	5150053	Stimulus	S 70
2061.1208	0.0004	5152803	Stimulus	S130
2061.206	0.0004	5153016	Stimulus	S 99
2063.746	0.0004	5159366	Stimulus	S 70
2064.846	0.0004	5162116	Stimulus	S130
2064.9312	0.0004	5162329	Stimulus	S 99
2066.6308	0.0004	5166578	Stimulus	S 70
2067.7308	0.0004	5169328	Stimulus	S130
2067.816	0.0004	5169541	Stimulus	S 99
2070.0312	0.0004	5175079	Stimulus	S 70
2071.1316	0.0004	5177830	Stimulus	S130
2071.2164	0.0004	5178042	Stimulus	S 99
2073.5392	0.0004	5183849	Stimulus	S 70
2074.6396	0.0004	5186600	Stimulus	S130
2074.7244	0.0004	5186812	Stimulus	S 99
2077.6252	0.0004	5194064	Stimulus	S 70
2078.7252	0.0004	5196814	Stimulus	S130
2078.81	0.0004	5197026	Stimulus	S 99
2080.9964	0.0004	5202492	Stimulus	S 70
2082.0964	0.0004	5205242	Stimulus	S130
2082.1812	0.0004	5205454	Stimulus	S 99
2084.4792	0.0004	5211199	Stimulus	S 70
2085.5796	0.0004	5213950	Stimulus	S130
2085.6644	0.0004	5214162	Stimulus	S 99
2087.1324	0.0004	5217832	Stimulus	S 70
2088.2324	0.0004	5220582	Stimulus	S130
2088.3172	0.0004	5220794	Stimulus	S 99
2090.9916	0.0004	5227480	Stimulus	S 70
2092.0916	0.0004	5230230	Stimulus	S130
2092.1768	0.0004	5230443	Stimulus	S 99
2093.8584	0.0004	5234647	Stimulus	S 70
2094.9584	0.0004	5237397	Stimulus	S130
2095.0432	0.0004	5237609	Stimulus	S 99
2097.3328	0.0004	5243333	Stimulus	S 70
2098.4328	0.0004	5246083	Stimulus	S130
2098.5176	0.0004	5246295	Stimulus	S130
2100.7804	0.0004	5251952	Stimulus	S 70
2101.8804	0.0004	5254702	Stimulus	S130
2101.9656	0.0004	5254915	Stimulus	S 99
2104.0028	0.0004	5260008	Stimulus	S 70
2105.1028	0.0004	5262758	Stimulus	S130
2105.188	0.0004	5262971	Stimulus	S130
2107.41	0.0004	5268526	Stimulus	S 70
2108.51	0.0004	5271276	Stimulus	S130
2108.5952	0.0004	5271489	Stimulus	S 99
2110.876	0.0004	5277191	Stimulus	S 70
2111.976	0.0004	5279941	Stimulus	S130
2112.0612	0.0004	5280154	Stimulus	S 99
2113.744	0.0004	5284361	Stimulus	S 70
2114.844	0.0004	5287111	Stimulus	S130
2114.9288	0.0004	5287323	Stimulus	S 99
2116.6168	0.0004	5291543	Stimulus	S 70
2117.7168	0.0004	5294293	Stimulus	S130
2117.8016	0.0004	5294505	Stimulus	S 99
2119.604	0.0004	5299011	Stimulus	S 70
2120.704	0.0004	5301761	Stimulus	S130
2120.7892	0.0004	5301974	Stimulus	S 99
2122.7828	0.0004	5306958	Stimulus	S 70
2123.8828	0.0004	5309708	Stimulus	S130
2123.9676	0.0004	5309920	Stimulus	S 99
2125.6656	0.0004	5314165	Stimulus	S 70
2126.766	0.0004	5316916	Stimulus	S130
2126.8508	0.0004	5317128	Stimulus	S130
2128.5504	0.0004	5321377	Stimulus	S 70
2129.6504	0.0004	5324127	Stimulus	S130
2129.7352	0.0004	5324339	Stimulus	S 99
2131.744	0.0004	5329361	Stimulus	S 70
2132.844	0.0004	5332111	Stimulus	S130
2132.9288	0.0004	5332323	Stimulus	S 99
2134.4996	0.0004	5336250	Stimulus	S 70
2135.5996	0.0004	5339000	Stimulus	S130
2135.6844	0.0004	5339212	Stimulus	S 99
2138.0236	0.0004	5345060	Stimulus	S 70
2139.1236	0.0004	5347810	Stimulus	S130
2139.2084	0.0004	5348022	Stimulus	S 99
2141.5588	0.0004	5353898	Stimulus	S 70
2142.6588	0.0004	5356648	Stimulus	S130
2142.7436	0.0004	5356860	Stimulus	S 99
2145.2236	0.0004	5363060	Stimulus	S 70
2146.324	0.0004	5365811	Stimulus	S130
2146.4088	0.0004	5366023	Stimulus	S 99
2149.1908	0.0004	5372978	Stimulus	S 70
2150.2908	0.0004	5375728	Stimulus	S130
2150.376	0.0004	5375941	Stimulus	S 99
2153.004	0.0004	5382511	Stimulus	S 70
2154.104	0.0004	5385261	Stimulus	S130
2154.1888	0.0004	5385473	Stimulus	S 99
2157.0832	0.0004	5392709	Stimulus	S 70
2158.1832	0.0004	5395459	Stimulus	S130
2158.268	0.0004	5395671	Stimulus	S 99
2159.988	0.0004	5399971	Stimulus	S 70
2161.088	0.0004	5402721	Stimulus	S130
2161.1732	0.0004	5402934	Stimulus	S 99
2163.738	0.0004	5409346	Stimulus	S 70
2164.838	0.0004	5412096	Stimulus	S130
2164.9232	0.0004	5412309	Stimulus	S130
2167.2664	0.0004	5418167	Stimulus	S 70
2168.3664	0.0004	5420917	Stimulus	S130
2168.4516	0.0004	5421130	Stimulus	S 99
2170.5832	0.0004	5426459	Stimulus	S 70
2171.6832	0.0004	5429209	Stimulus	S130
2171.768	0.0004	5429421	Stimulus	S 99
2174.086	0.0004	5435216	Stimulus	S 70
2175.186	0.0004	5437966	Stimulus	S130
2175.2712	0.0004	5438179	Stimulus	S 99
2177.1828	0.0004	5442958	Stimulus	S 70
2178.2828	0.0004	5445708	Stimulus	S130
2178.3676	0.0004	5445920	Stimulus	S 99
2181.0268	0.0004	5452568	Stimulus	S 70
2182.1268	0.0004	5455318	Stimulus	S130
2182.2116	0.0004	5455530	Stimulus	S 99
2184.5632	0.0004	5461409	Stimulus	S 70
2185.6632	0.0004	5464159	Stimulus	S130
2185.748	0.0004	5464371	Stimulus	S 99
2188.162	0.0004	5470406	Stimulus	S 70
2189.262	0.0004	5473156	Stimulus	S130
2189.3472	0.0004	5473369	Stimulus	S 99
2191.8388	0.0004	5479598	Stimulus	S 70
2192.9388	0.0004	5482348	Stimulus	S130
2193.024	0.0004	5482561	Stimulus	S 99
2195.5864	0.0004	5488967	Stimulus	S 70
2196.6864	0.0004	5491717	Stimulus	S130
2196.7716	0.0004	5491930	Stimulus	S 99
2199.4356	0.0004	5498590	Stimulus	S 70
2200.5356	0.0004	5501340	Stimulus	S130
2200.6204	0.0004	5501552	Stimulus	S 99
2202.0944	0.0004	5505237	Stimulus	S 70
2203.1944	0.0004	5507987	Stimulus	S130
2203.2796	0.0004	5508200	Stimulus	S 99
2204.7096	0.0004	5511775	Stimulus	S 70
2205.8096	0.0004	5514525	Stimulus	S130
2205.8944	0.0004	5514737	Stimulus	S 99
2207.8504	0.0004	5519627	Stimulus	S 70
2208.9508	0.0004	5522378	Stimulus	S130
2209.0356	0.0004	5522590	Stimulus	S 99
2210.7168	0.0004	5526793	Stimulus	S 70
2211.8168	0.0004	5529543	Stimulus	S130
2211.9016	0.0004	5529755	Stimulus	S 99
2213.5672	0.0004	5533919	Stimulus	S 70
2214.6672	0.0004	5536669	Stimulus	S130
2214.7524	0.0004	5536882	Stimulus	S 99
2217.4972	0.0004	5543744	Stimulus	S 70
2218.5972	0.0004	5546494	Stimulus	S130
2218.6824	0.0004	5546707	Stimulus	S 99
2220.7988	0.0004	5551998	Stimulus	S 70
2221.8992	0.0004	5554749	Stimulus	S130
2221.984	0.0004	5554961	Stimulus	S130
2223.688	0.0004	5559221	Stimulus	S 70
2224.788	0.0004	5561971	Stimulus	S130
2224.8732	0.0004	5562184	Stimulus	S 99
2226.7372	0.0004	5566844	Stimulus	S 70
2227.8372	0.0004	5569594	Stimulus	S130
2227.9224	0.0004	5569807	Stimulus	S 99
2229.8332	0.0004	5574584	Stimulus	S 70
2230.9336	0.0004	5577335	Stimulus	S130
2231.0184	0.0004	5577547	Stimulus	S 99
2233.006	0.0004	5582516	Stimulus	S 70
2234.106	0.0004	5585266	Stimulus	S130
2234.1912	0.0004	5585479	Stimulus	S 99
2236.4024	0.0004	5591007	Stimulus	S 70
2237.5024	0.0004	5593757	Stimulus	S130
2237.5876	0.0004	5593970	Stimulus	S 99
2240.0552	0.0004	5600139	Stimulus	S 70
2241.1552	0.0004	5602889	Stimulus	S130
2241.2404	0.0004	5603102	Stimulus	S 99
2243.0444	0.0004	5607612	Stimulus	S 70
2244.1444	0.0004	5610362	Stimulus	S130
2244.2292	0.0004	5610574	Stimulus	S 99
2301.4928	0.0004	5753733	Stimulus	S  1
2303.984	0.0004	5759961	Stimulus	S 70
2305.19	0.0004	5762976	Stimulus	S130
2305.2752	0.0004	5763189	Stimulus	S 99
2307.8664	0.0004	5769667	Stimulus	S 70
2308.2044	0.0004	5770512	Stimulus	S130
2308.2892	0.0004	5770724	Stimulus	S 99
2310.8864	0.0004	5777217	Stimulus	S 70
2311.0724	0.0004	5777682	Stimulus	S130
2311.1576	0.0004	5777895	Stimulus	S 99
2313.5872	0.0004	5783969	Stimulus	S 70
2314.8692	0.0004	5787174	Stimulus	S130
2314.9544	0.0004	5787387	Stimulus	S 99
2316.7008	0.0004	5791753	Stimulus	S 70
2317.7216	0.0004	5794305	Stimulus	S130
2317.8068	0.0004	5794518	Stimulus	S 99
2319.7568	0.0004	5799393	Stimulus	S 70
2320.5888	0.0004	5801473	Stimulus	S130
2320.674	0.0004	5801686	Stimulus	S 99
2322.998	0.0004	5807496	Stimulus	S 70
2323.956	0.0004	5809891	Stimulus	S130
2324.0412	0.0004	5810104	Stimulus	S 99
2325.864	0.0004	5814661	Stimulus	S 70
2326.9008	0.0004	5817253	Stimulus	S130
2326.986	0.0004	5817466	Stimulus	S 99
2328.4088	0.0004	5821023	Stimulus	S 70
2328.5368	0.0004	5821343	Stimulus	S130
2328.6216	0.0004	5821555	Stimulus	S 99
2331.4456	0.0004	5828615	Stimulus	S 70
2331.9556	0.0004	5829890	Stimulus	S130
2332.0408	0.0004	5830103	Stimulus	S 99
2333.9684	0.0004	5834922	Stimulus	S 70
2334.2152	0.0004	5835539	Stimulus	S130
2334.3004	0.0004	5835752	Stimulus	S 99
2336.2864	0.0004	5840717	Stimulus	S 70
2336.5956	0.0004	5841490	Stimulus	S130
2336.6808	0.0004	5841703	Stimulus	S 99
2339.1328	0.0004	5847833	Stimulus	S 70
2340.676	0.0004	5851691	Stimulus	S130
2340.7608	0.0004	5851903	Stimulus	S 99
2342.3436	0.0004	5855860	Stimulus	S 70
2344.4316	0.0004	5861080	Stimulus	S130
2344.5164	0.0004	5861292	Stimulus	S 99
2347.09	0.0004	5867726	Stimulus	S 70
2347.968	0.0004	5869921	Stimulus	S130
2348.0528	0.0004	5870133	Stimulus	S 99
2349.6832	0.0004	5874209	Stimulus	S 70
2350.7952	0.0004	5876989	Stimulus	S130
2350.8804	0.0004	5877202	Stimulus	S 99
2353.1328	0.0004	5882833	Stimulus	S 70
2353.5908	0.0004	5883978	Stimulus	S130
2353.676	0.0004	5884191	Stimulus	S 99
2356.182	0.0004	5890456	Stimulus	S 70
2356.632	0.0004	5891581	Stimulus	S130
2356.7172	0.0004	5891794	Stimulus	S 99
2358.8756	0.0004	5897190	Stimulus	S 70
2360.4416	0.0004	5901105	Stimulus	S130
2360.5264	0.0004	5901317	Stimulus	S 99
2362.9264	0.0004	5907317	Stimulus	S 70
2364.4224	0.0004	5911057	Stimulus	S130
2364.5072	0.0004	5911269	Stimulus	S 99
2366.1736	0.0004	5915435	Stimulus	S 70
2367.6264	0.0004	5919067	Stimulus	S130
2367.7116	0.0004	5919280	Stimulus	S130
2369.4076	0.0004	5923520	Stimulus	S 70
2369.8428	0.0004	5924608	Stimulus	S130
2369.9276	0.0004	5924820	Stimulus	S 99
2371.5544	0.0004	5928887	Stimulus	S 70
2372.0776	0.0004	5930195	Stimulus	S130
2372.1624	0.0004	5930407	Stimulus	S130
2373.6344	0.0004	5934087	Stimulus	S 70
2373.9504	0.0004	5934877	Stimulus	S130
2374.0356	0.0004	5935090	Stimulus	S 99
2375.8236	0.0004	5939560	Stimulus	S 70
2376.3584	0.0004	5940897	Stimulus	S130
2376.4436	0.0004	5941110	Stimulus	S 99
2377.8676	0.0004	5944670	Stimulus	S 70
2379.1796	0.0004	5947950	Stimulus	S130
2379.2648	0.0004	5948163	Stimulus	S 99
2382.1032	0.0004	5955259	Stimulus	S 70
2383.4172	0.0004	5958544	Stimulus	S130
2383.502	0.0004	5958756	Stimulus	S 99
2385.1656	0.0004	5962915	Stimulus	S 70
2385.9976	0.0004	5964995	Stimulus	S130
2386.0824	0.0004	5965207	Stimulus	S 99
2388.35	0.0004	5970876	Stimulus	S 70
2390.4192	0.0004	5976049	Stimulus	S130
2390.504	0.0004	5976261	Stimulus	S 99
2392.6688	0.0004	5981673	Stimulus	S 70
2393.0608	0.0004	5982653	Stimulus	S130
2393.1456	0.0004	5982865	Stimulus	S 99
2395.7464	0.0004	5989367	Stimulus	S 70
2397.5636	0.0004	5993910	Stimulus	S130
2397.6484	0.0004	5994122	Stimulus	S 99
2399.8088	0.0004	5999523	Stimulus	S 70
2400.9368	0.0004	6002343	Stimulus	S130
2401.0216	0.0004	6002555	Stimulus	S 99
2403.7576	0.0004	6009395	Stimulus	S 70
2404.5928	0.0004	6011483	Stimulus	S130
2404.6776	0.0004	6011695	Stimulus	S 99
2407.0972	0.0004	6017744	Stimulus	S 70
2409.1884	0.0004	6022972	Stimulus	S130
2409.2732	0.0004	6023184	Stimulus	S 99
2411.3964	0.0004	6028492	Stimulus	S 70
2412.5476	0.0004	6031370	Stimulus	S130
2412.6324	0.0004	6031582	Stimulus	S 99
2414.3784	0.0004	6035947	Stimulus	S 70
2415.8364	0.0004	6039592	Stimulus	S130
2415.9216	0.0004	6039805	Stimulus	S 99
2418.694	0.0004	6046736	Stimulus	S 70
2419.398	0.0004	6048496	Stimulus	S130
2419.4828	0.0004	6048708	Stimulus	S 99
2422.0236	0.0004	6055060	Stimulus	S 70
2423.0876	0.0004	6057720	Stimulus	S130
2423.1724	0.0004	6057932	Stimulus	S 99
2425.5036	0.0004	6063760	Stimulus	S 70
2426.5388	0.0004	6066348	Stimulus	S130
2426.6236	0.0004	6066560	Stimulus	S 99
2429.408	0.0004	6073521	Stimulus	S 70
2430.592	0.0004	6076481	Stimulus	S130
2430.6772	0.0004	6076694	Stimulus	S 99
2433.242	0.0004	6083106	Stimulus	S 70
2435.1344	0.0004	6087837	Stimulus	S130
2435.2192	0.0004	6088049	Stimulus	S 99
2437.318	0.0004	6093296	Stimulus	S 70
2438.5448	0.0004	6096363	Stimulus	S130
2438.63	0.0004	6096576	Stimulus	S 99
2441.1444	0.0004	6102862	Stimulus	S 70
2442.5064	0.0004	6106267	Stimulus	S130
2442.5912	0.0004	6106479	Stimulus	S 99
2445.3588	0.0004	6113398	Stimulus	S 70
2446.728	0.0004	6116821	Stimulus	S130
2446.8128	0.0004	6117033	Stimulus	S 99
2448.9652	0.0004	6122414	Stimulus	S 70
2450.8296	0.0004	6127075	Stimulus	S130
2450.9144	0.0004	6127287	Stimulus	S 99
2453.2152	0.0004	6133039	Stimulus	S 70
2454.1364	0.0004	6135342	Stimulus	S130
2454.2212	0.0004	6135554	Stimulus	S 99
2455.6644	0.0004	6139162	Stimulus	S 70
2457.3296	0.0004	6143325	Stimulus	S130
2457.4148	0.0004	6143538	Stimulus	S 99
2460.156	0.0004	6150391	Stimulus	S 70
2461.9508	0.0004	6154878	Stimulus	S130
2462.036	0.0004	6155091	Stimulus	S 99
2463.6896	0.0004	6159225	Stimulus	S 70
2465.5436	0.0004	6163860	Stimulus	S130
2465.6288	0.0004	6164073	Stimulus	S 99
2467.7644	0.0004	6169412	Stimulus	S 70
2468.0004	0.0004	6170002	Stimulus	S130
2468.0852	0.0004	6170214	Stimulus	S 99
2470.2272	0.0004	6175569	Stimulus	S 70
2470.9508	0.0004	6177378	Stimulus	S130
2471.036	0.0004	6177591	Stimulus	S130
2473.356	0.0004	6183391	Stimulus	S 70
2473.9388	0.0004	6184848	Stimulus	S130
2474.024	0.0004	6185061	Stimulus	S 99
2476.6364	0.0004	6191592	Stimulus	S 70
2477.6564	0.0004	6194142	Stimulus	S130
2477.7416	0.0004	6194355	Stimulus	S 99
2479.9188	0.0004	6199798	Stimulus	S 70
2480.3976	0.0004	6200995	Stimulus	S130
2480.4828	0.0004	6201208	Stimulus	S 99
2483.0892	0.0004	6207724	Stimulus	S 70
2484.7232	0.0004	6211809	Stimulus	S130
2484.8084	0.0004	6212022	Stimulus	S 99
2487.1796	0.0004	6217950	Stimulus	S 70
2487.6508	0.0004	6219128	Stimulus	S130
2487.7356	0.0004	6219340	Stimulus	S 99
2489.8336	0.0004	6224585	Stimulus	S 70
2490.2896	0.0004	6225725	Stimulus	S130
2490.3748	0.0004	6225938	Stimulus	S 99
2491.8288	0.0004	6229573	Stimulus	S 70
2492.2728	0.0004	6230683	Stimulus	S130
2492.358	0.0004	6230896	Stimulus	S 99
2494.2104	0.0004	6235527	Stimulus	S 70
2494.8944	0.0004	6237237	Stimulus	S130
2494.9796	0.0004	6237450	Stimulus	S 99
2496.486	0.0004	6241216	Stimulus	S 70
2498.0692	0.0004	6245174	Stimulus	S130
2498.1544	0.0004	6245387	Stimulus	S 99
2501.0684	0.0004	6252672	Stimulus	S 70
2502.2152	0.0004	6255539	Stimulus	S130
2502.3004	0.0004	6255752	Stimulus	S 99
2504.0316	0.0004	6260080	Stimulus	S 70
2504.6732	0.0004	6261684	Stimulus	S130
2504.7584	0.0004	6261897	Stimulus	S 99
2507.1264	0.0004	6267817	Stimulus	S 70
2507.5632	0.0004	6268909	Stimulus	S130
2507.6484	0.0004	6269122	Stimulus	S 99
2510.1016	0.0004	6275255	Stimulus	S 70
2510.9068	0.0004	6277268	Stimulus	S130
2510.9916	0.0004	6277480	Stimulus	S 99
2513.8468	0.0004	6284618	Stimulus	S 70
2514.2328	0.0004	6285583	Stimulus	S130
2514.318	0.0004	6285796	Stimulus	S 99
2515.8528	0.0004	6289633	Stimulus	S 70
2516.8208	0.0004	6292053	Stimulus	S130
2516.906	0.0004	6292266	Stimulus	S 99
2519.3432	0.0004	6298359	Stimulus	S 70
2520.2676	0.0004	6300670	Stimulus	S130
2520.3524	0.0004	6300882	Stimulus	S 99
2522.4836	0.0004	6306210	Stimulus	S 70
2523.0744	0.0004	6307687	Stimulus	S130
2523.1592	0.0004	6307899	Stimulus	S 99
2524.6384	0.0004	6311597	Stimulus	S 70
2526.5704	0.0004	6316427	Stimulus	S130
2526.6552	0.0004	6316639	Stimulus	S 99
2528.5792	0.0004	6321449	Stimulus	S 70
2528.8992	0.0004	6322249	Stimulus	S130
2528.984	0.0004	6322461	Stimulus	S 99
2530.5476	0.0004	6326370	Stimulus	S 70
2530.9248	0.0004	6327313	Stimulus	S130
2531.0096	0.0004	6327525	Stimulus	S 99
2533.0244	0.0004	6332562	Stimulus	S 70
2534.4068	0.0004	6336018	Stimulus	S130
2534.4916	0.0004	6336230	Stimulus	S 99
2536.16	0.0004	6340401	Stimulus	S 70
2536.4128	0.0004	6341033	Stimulus	S130
2536.498	0.0004	6341246	Stimulus	S 99
2539.0104	0.0004	6347527	Stimulus	S 70
2540.2184	0.0004	6350547	Stimulus	S130
2540.3032	0.0004	6350759	Stimulus	S 99
2542.9228	0.0004	6357308	Stimulus	S 70
2544.5968	0.0004	6361493	Stimulus	S130
2544.682	0.0004	6361706	Stimulus	S 99
2547.1104	0.0004	6367777	Stimulus	S 70
2548.7532	0.0004	6371884	Stimulus	S130
2548.8384	0.0004	6372097	Stimulus	S 99
2551.716	0.0004	6379291	Stimulus	S 70
2553.648	0.0004	6384121	Stimulus	S130
2553.7332	0.0004	6384334	Stimulus	S 99
2556.2804	0.0004	6390702	Stimulus	S 70
2557.4604	0.0004	6393652	Stimulus	S130
2557.5456	0.0004	6393865	Stimulus	S 99
2560.4436	0.0004	6401110	Stimulus	S 70
2560.5764	0.0004	6401442	Stimulus	S130
2560.6616	0.0004	6401655	Stimulus	S 99
2562.718	0.0004	6406796	Stimulus	S 70
2563.264	0.0004	6408161	Stimulus	S130
2563.3488	0.0004	6408373	Stimulus	S 99
2566.2248	0.0004	6415563	Stimulus	S 70
2567.3088	0.0004	6418273	Stimulus	S130
2567.3936	0.0004	6418485	Stimulus	S130
2569.4756	0.0004	6423690	Stimulus	S 70
2569.9284	0.0004	6424822	Stimulus	S130
2570.0136	0.0004	6425035	Stimulus	S 99
2572.7216	0.0004	6431805	Stimulus	S 70
2573.0776	0.0004	6432695	Stimulus	S130
2573.1624	0.0004	6432907	Stimulus	S 99
2575.5388	0.0004	6438848	Stimulus	S 70
2577.3788	0.0004	6443448	Stimulus	S130
2577.464	0.0004	6443661	Stimulus	S 99
2579.7572	0.0004	6449394	Stimulus	S 70
2581.4664	0.0004	6453667	Stimulus	S130
2581.5516	0.0004	6453880	Stimulus	S 99
2583.2684	0.0004	6458172	Stimulus	S 70
2584.5352	0.0004	6461339	Stimulus	S130
2584.6204	0.0004	6461552	Stimulus	S 99
2586.6892	0.0004	6466724	Stimulus	S 70
2588.5964	0.0004	6471492	Stimulus	S130
2588.6816	0.0004	6471705	Stimulus	S 99
2591.2212	0.0004	6478054	Stimulus	S 70
2591.8416	0.0004	6479605	Stimulus	S130
2591.9264	0.0004	6479817	Stimulus	S 99
2594.6908	0.0004	6486728	Stimulus	S 70
2595.1196	0.0004	6487800	Stimulus	S130
2595.2048	0.0004	6488013	Stimulus	S 99
2597.2196	0.0004	6493050	Stimulus	S 70
2598.2476	0.0004	6495620	Stimulus	S130
2598.3324	0.0004	6495832	Stimulus	S 99
2600.8744	0.0004	6502187	Stimulus	S 70
2602.8524	0.0004	6507132	Stimulus	S130
2602.9376	0.0004	6507345	Stimulus	S 99
2605.4312	0.0004	6513579	Stimulus	S 70
2605.6708	0.0004	6514178	Stimulus	S130
2605.756	0.0004	6514391	Stimulus	S 99
2607.988	0.0004	6519971	Stimulus	S 70
2608.1188	0.0004	6520298	Stimulus	S130
2608.204	0.0004	6520511	Stimulus	S 99
2609.76	0.0004	6524401	Stimulus	S 70
2610.074	0.0004	6525186	Stimulus	S130
2610.1592	0.0004	6525399	Stimulus	S130
2612.3784	0.0004	6530947	Stimulus	S 70
2614.1916	0.0004	6535480	Stimulus	S130
2614.2764	0.0004	6535692	Stimulus	S 99
2615.7016	0.0004	6539255	Stimulus	S 70
2617.1216	0.0004	6542805	Stimulus	S130
2617.2064	0.0004	6543017	Stimulus	S 99
2619.482	0.0004	6548706	Stimulus	S 70
2620.8672	0.0004	6552169	Stimulus	S130
2620.952	0.0004	6552381	Stimulus	S130
2622.5992	0.0004	6556499	Stimulus	S 70
2624.2192	0.0004	6560549	Stimulus	S130
2624.304	0.0004	6560761	Stimulus	S 99
2626.3196	0.0004	6565800	Stimulus	S 70
2627.7156	0.0004	6569290	Stimulus	S130
2627.8004	0.0004	6569502	Stimulus	S 99
2629.9364	0.0004	6574842	Stimulus	S 70
2631.3696	0.0004	6578425	Stimulus	S130
2631.4544	0.0004	6578637	Stimulus	S 99
